Country,Indicator,Percentile,Year,Value
Brazil,gptinc_pall_992_j_BR,pall,1913,Unnamed: 4
Brazil,gptinc_pall_992_j_BR,pall,1914,
Brazil,gptinc_pall_992_j_BR,pall,1915,
Brazil,gptinc_pall_992_j_BR,pall,1916,
Brazil,gptinc_pall_992_j_BR,pall,1917,
Brazil,gptinc_pall_992_j_BR,pall,1918,
Brazil,gptinc_pall_992_j_BR,pall,1919,
Brazil,gptinc_pall_992_j_BR,pall,1920,
Brazil,gptinc_pall_992_j_BR,pall,1921,
Brazil,gptinc_pall_992_j_BR,pall,1922,
Brazil,gptinc_pall_992_j_BR,pall,1923,
Brazil,gptinc_pall_992_j_BR,pall,1924,
Brazil,gptinc_pall_992_j_BR,pall,1925,
Brazil,gptinc_pall_992_j_BR,pall,1926,
Brazil,gptinc_pall_992_j_BR,pall,1927,
Brazil,gptinc_pall_992_j_BR,pall,1928,
Brazil,gptinc_pall_992_j_BR,pall,1929,
Brazil,gptinc_pall_992_j_BR,pall,1930,
Brazil,gptinc_pall_992_j_BR,pall,1931,
Brazil,gptinc_pall_992_j_BR,pall,1932,
Brazil,gptinc_pall_992_j_BR,pall,1933,
Brazil,gptinc_pall_992_j_BR,pall,1934,
Brazil,gptinc_pall_992_j_BR,pall,1935,
Brazil,gptinc_pall_992_j_BR,pall,1936,
Brazil,gptinc_pall_992_j_BR,pall,1937,
Brazil,gptinc_pall_992_j_BR,pall,1938,
Brazil,gptinc_pall_992_j_BR,pall,1939,
Brazil,gptinc_pall_992_j_BR,pall,1940,
Brazil,gptinc_pall_992_j_BR,pall,1941,
Brazil,gptinc_pall_992_j_BR,pall,1942,
Brazil,gptinc_pall_992_j_BR,pall,1943,
Brazil,gptinc_pall_992_j_BR,pall,1944,
Brazil,gptinc_pall_992_j_BR,pall,1945,
Brazil,gptinc_pall_992_j_BR,pall,1946,
Brazil,gptinc_pall_992_j_BR,pall,1947,
Brazil,gptinc_pall_992_j_BR,pall,1948,
Brazil,gptinc_pall_992_j_BR,pall,1949,
Brazil,gptinc_pall_992_j_BR,pall,1950,
Brazil,gptinc_pall_992_j_BR,pall,1951,
Brazil,gptinc_pall_992_j_BR,pall,1952,
Brazil,gptinc_pall_992_j_BR,pall,1953,
Brazil,gptinc_pall_992_j_BR,pall,1954,
Brazil,gptinc_pall_992_j_BR,pall,1955,
Brazil,gptinc_pall_992_j_BR,pall,1956,
Brazil,gptinc_pall_992_j_BR,pall,1957,
Brazil,gptinc_pall_992_j_BR,pall,1958,
Brazil,gptinc_pall_992_j_BR,pall,1959,
Brazil,gptinc_pall_992_j_BR,pall,1960,
Brazil,gptinc_pall_992_j_BR,pall,1961,
Brazil,gptinc_pall_992_j_BR,pall,1962,
Brazil,gptinc_pall_992_j_BR,pall,1963,
Brazil,gptinc_pall_992_j_BR,pall,1964,
Brazil,gptinc_pall_992_j_BR,pall,1965,
Brazil,gptinc_pall_992_j_BR,pall,1966,
Brazil,gptinc_pall_992_j_BR,pall,1967,
Brazil,gptinc_pall_992_j_BR,pall,1968,
Brazil,gptinc_pall_992_j_BR,pall,1969,
Brazil,gptinc_pall_992_j_BR,pall,1970,
Brazil,gptinc_pall_992_j_BR,pall,1971,
Brazil,gptinc_pall_992_j_BR,pall,1972,
Brazil,gptinc_pall_992_j_BR,pall,1973,
Brazil,gptinc_pall_992_j_BR,pall,1974,
Brazil,gptinc_pall_992_j_BR,pall,1975,
Brazil,gptinc_pall_992_j_BR,pall,1976,
Brazil,gptinc_pall_992_j_BR,pall,1977,
Brazil,gptinc_pall_992_j_BR,pall,1978,
Brazil,gptinc_pall_992_j_BR,pall,1979,
Brazil,gptinc_pall_992_j_BR,pall,1980,703.332.456.574
Brazil,gptinc_pall_992_j_BR,pall,1981,703.332.456.574
Brazil,gptinc_pall_992_j_BR,pall,1982,703.332.456.574
Brazil,gptinc_pall_992_j_BR,pall,1983,703.332.456.574
Brazil,gptinc_pall_992_j_BR,pall,1984,703.332.456.574
Brazil,gptinc_pall_992_j_BR,pall,1985,703.332.456.574
Brazil,gptinc_pall_992_j_BR,pall,1986,703.332.456.574
Brazil,gptinc_pall_992_j_BR,pall,1987,703.332.456.574
Brazil,gptinc_pall_992_j_BR,pall,1988,703.332.456.574
Brazil,gptinc_pall_992_j_BR,pall,1989,703.332.456.574
Brazil,gptinc_pall_992_j_BR,pall,1990,703.332.456.574
Brazil,gptinc_pall_992_j_BR,pall,1991,703.332.456.574
Brazil,gptinc_pall_992_j_BR,pall,1992,703.332.456.574
Brazil,gptinc_pall_992_j_BR,pall,1993,703.332.456.574
Brazil,gptinc_pall_992_j_BR,pall,1994,703.332.456.574
Brazil,gptinc_pall_992_j_BR,pall,1995,703.332.456.574
Brazil,gptinc_pall_992_j_BR,pall,1996,703.332.456.574
Brazil,gptinc_pall_992_j_BR,pall,1997,703.332.456.574
Brazil,gptinc_pall_992_j_BR,pall,1998,703.332.456.574
Brazil,gptinc_pall_992_j_BR,pall,1999,703.332.456.574
Brazil,gptinc_pall_992_j_BR,pall,2000,703.332.456.574
Brazil,gptinc_pall_992_j_BR,pall,2001,703.332.401.451
Brazil,gptinc_pall_992_j_BR,pall,2002,698.363.054.514
Brazil,gptinc_pall_992_j_BR,pall,2003,700.930.979.132
Brazil,gptinc_pall_992_j_BR,pall,2004,695.779.965.312
Brazil,gptinc_pall_992_j_BR,pall,2005,694.742.419.118
Brazil,gptinc_pall_992_j_BR,pall,2006,692.342.451.537
Brazil,gptinc_pall_992_j_BR,pall,2007,678.960.839.244
Brazil,gptinc_pall_992_j_BR,pall,2008,679.478.423.164
Brazil,gptinc_pall_992_j_BR,pall,2009,676.530.183.375
Brazil,gptinc_pall_992_j_BR,pall,2010,681.059.548.891
Brazil,gptinc_pall_992_j_BR,pall,2011,685.495.783.221
Brazil,gptinc_pall_992_j_BR,pall,2012,678.223.949.122
Brazil,gptinc_pall_992_j_BR,pall,2013,67.092.909.439
Brazil,gptinc_pall_992_j_BR,pall,2014,673.175.652.815
Brazil,gptinc_pall_992_j_BR,pall,2015,681.661.000.026
Brazil,gptinc_pall_992_j_BR,pall,2016,684.539.124.598
Brazil,gptinc_pall_992_j_BR,pall,2017,682.092.955.454
Brazil,gptinc_pall_992_j_BR,pall,2018,680.898.739.036
Brazil,gptinc_pall_992_j_BR,pall,2019,672.211.377.478
Brazil,gptinc_pall_992_j_BR,pall,2020,686.967.434.001
Brazil,gptinc_pall_992_j_BR,pall,2021,686.967.425.037
Brazil,sptinc_p0p50_992_j_BR,p0p50,1913,
Brazil,sptinc_p0p50_992_j_BR,p0p50,1914,
Brazil,sptinc_p0p50_992_j_BR,p0p50,1915,
Brazil,sptinc_p0p50_992_j_BR,p0p50,1916,
Brazil,sptinc_p0p50_992_j_BR,p0p50,1917,
Brazil,sptinc_p0p50_992_j_BR,p0p50,1918,
Brazil,sptinc_p0p50_992_j_BR,p0p50,1919,
Brazil,sptinc_p0p50_992_j_BR,p0p50,1920,973
Brazil,sptinc_p0p50_992_j_BR,p0p50,1921,
Brazil,sptinc_p0p50_992_j_BR,p0p50,1922,
Brazil,sptinc_p0p50_992_j_BR,p0p50,1923,
Brazil,sptinc_p0p50_992_j_BR,p0p50,1924,
Brazil,sptinc_p0p50_992_j_BR,p0p50,1925,
Brazil,sptinc_p0p50_992_j_BR,p0p50,1926,
Brazil,sptinc_p0p50_992_j_BR,p0p50,1927,
Brazil,sptinc_p0p50_992_j_BR,p0p50,1928,
Brazil,sptinc_p0p50_992_j_BR,p0p50,1929,
Brazil,sptinc_p0p50_992_j_BR,p0p50,1930,933
Brazil,sptinc_p0p50_992_j_BR,p0p50,1931,
Brazil,sptinc_p0p50_992_j_BR,p0p50,1932,
Brazil,sptinc_p0p50_992_j_BR,p0p50,1933,
Brazil,sptinc_p0p50_992_j_BR,p0p50,1934,
Brazil,sptinc_p0p50_992_j_BR,p0p50,1935,
Brazil,sptinc_p0p50_992_j_BR,p0p50,1936,
Brazil,sptinc_p0p50_992_j_BR,p0p50,1937,
Brazil,sptinc_p0p50_992_j_BR,p0p50,1938,
Brazil,sptinc_p0p50_992_j_BR,p0p50,1939,
Brazil,sptinc_p0p50_992_j_BR,p0p50,1940,879
Brazil,sptinc_p0p50_992_j_BR,p0p50,1941,
Brazil,sptinc_p0p50_992_j_BR,p0p50,1942,
Brazil,sptinc_p0p50_992_j_BR,p0p50,1943,
Brazil,sptinc_p0p50_992_j_BR,p0p50,1944,
Brazil,sptinc_p0p50_992_j_BR,p0p50,1945,
Brazil,sptinc_p0p50_992_j_BR,p0p50,1946,
Brazil,sptinc_p0p50_992_j_BR,p0p50,1947,
Brazil,sptinc_p0p50_992_j_BR,p0p50,1948,
Brazil,sptinc_p0p50_992_j_BR,p0p50,1949,
Brazil,sptinc_p0p50_992_j_BR,p0p50,1950,933
Brazil,sptinc_p0p50_992_j_BR,p0p50,1951,
Brazil,sptinc_p0p50_992_j_BR,p0p50,1952,
Brazil,sptinc_p0p50_992_j_BR,p0p50,1953,
Brazil,sptinc_p0p50_992_j_BR,p0p50,1954,
Brazil,sptinc_p0p50_992_j_BR,p0p50,1955,
Brazil,sptinc_p0p50_992_j_BR,p0p50,1956,
Brazil,sptinc_p0p50_992_j_BR,p0p50,1957,
Brazil,sptinc_p0p50_992_j_BR,p0p50,1958,
Brazil,sptinc_p0p50_992_j_BR,p0p50,1959,
Brazil,sptinc_p0p50_992_j_BR,p0p50,1960,999
Brazil,sptinc_p0p50_992_j_BR,p0p50,1961,
Brazil,sptinc_p0p50_992_j_BR,p0p50,1962,
Brazil,sptinc_p0p50_992_j_BR,p0p50,1963,
Brazil,sptinc_p0p50_992_j_BR,p0p50,1964,
Brazil,sptinc_p0p50_992_j_BR,p0p50,1965,
Brazil,sptinc_p0p50_992_j_BR,p0p50,1966,
Brazil,sptinc_p0p50_992_j_BR,p0p50,1967,
Brazil,sptinc_p0p50_992_j_BR,p0p50,1968,
Brazil,sptinc_p0p50_992_j_BR,p0p50,1969,
Brazil,sptinc_p0p50_992_j_BR,p0p50,1970,959
Brazil,sptinc_p0p50_992_j_BR,p0p50,1971,
Brazil,sptinc_p0p50_992_j_BR,p0p50,1972,
Brazil,sptinc_p0p50_992_j_BR,p0p50,1973,
Brazil,sptinc_p0p50_992_j_BR,p0p50,1974,
Brazil,sptinc_p0p50_992_j_BR,p0p50,1975,
Brazil,sptinc_p0p50_992_j_BR,p0p50,1976,
Brazil,sptinc_p0p50_992_j_BR,p0p50,1977,
Brazil,sptinc_p0p50_992_j_BR,p0p50,1978,
Brazil,sptinc_p0p50_992_j_BR,p0p50,1979,
Brazil,sptinc_p0p50_992_j_BR,p0p50,1980,855
Brazil,sptinc_p0p50_992_j_BR,p0p50,1981,855
Brazil,sptinc_p0p50_992_j_BR,p0p50,1982,855
Brazil,sptinc_p0p50_992_j_BR,p0p50,1983,855
Brazil,sptinc_p0p50_992_j_BR,p0p50,1984,855
Brazil,sptinc_p0p50_992_j_BR,p0p50,1985,855
Brazil,sptinc_p0p50_992_j_BR,p0p50,1986,855
Brazil,sptinc_p0p50_992_j_BR,p0p50,1987,855
Brazil,sptinc_p0p50_992_j_BR,p0p50,1988,855
Brazil,sptinc_p0p50_992_j_BR,p0p50,1989,855
Brazil,sptinc_p0p50_992_j_BR,p0p50,1990,855
Brazil,sptinc_p0p50_992_j_BR,p0p50,1991,855
Brazil,sptinc_p0p50_992_j_BR,p0p50,1992,855
Brazil,sptinc_p0p50_992_j_BR,p0p50,1993,855
Brazil,sptinc_p0p50_992_j_BR,p0p50,1994,855
Brazil,sptinc_p0p50_992_j_BR,p0p50,1995,855
Brazil,sptinc_p0p50_992_j_BR,p0p50,1996,855
Brazil,sptinc_p0p50_992_j_BR,p0p50,1997,855
Brazil,sptinc_p0p50_992_j_BR,p0p50,1998,855
Brazil,sptinc_p0p50_992_j_BR,p0p50,1999,855
Brazil,sptinc_p0p50_992_j_BR,p0p50,2000,855
Brazil,sptinc_p0p50_992_j_BR,p0p50,2001,855
Brazil,sptinc_p0p50_992_j_BR,p0p50,2002,875
Brazil,sptinc_p0p50_992_j_BR,p0p50,2003,875
Brazil,sptinc_p0p50_992_j_BR,p0p50,2004,897
Brazil,sptinc_p0p50_992_j_BR,p0p50,2005,92
Brazil,sptinc_p0p50_992_j_BR,p0p50,2006,941
Brazil,sptinc_p0p50_992_j_BR,p0p50,2007,1.009
Brazil,sptinc_p0p50_992_j_BR,p0p50,2008,1.017
Brazil,sptinc_p0p50_992_j_BR,p0p50,2009,1.031
Brazil,sptinc_p0p50_992_j_BR,p0p50,2010,1.023
Brazil,sptinc_p0p50_992_j_BR,p0p50,2011,1.015
Brazil,sptinc_p0p50_992_j_BR,p0p50,2012,1.056
Brazil,sptinc_p0p50_992_j_BR,p0p50,2013,1.076
Brazil,sptinc_p0p50_992_j_BR,p0p50,2014,1.067
Brazil,sptinc_p0p50_992_j_BR,p0p50,2015,1.027
Brazil,sptinc_p0p50_992_j_BR,p0p50,2016,973
Brazil,sptinc_p0p50_992_j_BR,p0p50,2017,974
Brazil,sptinc_p0p50_992_j_BR,p0p50,2018,977
Brazil,sptinc_p0p50_992_j_BR,p0p50,2019,1.014
Brazil,sptinc_p0p50_992_j_BR,p0p50,2020,917
Brazil,sptinc_p0p50_992_j_BR,p0p50,2021,917
Brazil,sptinc_p50p90_992_j_BR,p50p90,1913,
Brazil,sptinc_p50p90_992_j_BR,p50p90,1914,
Brazil,sptinc_p50p90_992_j_BR,p50p90,1915,
Brazil,sptinc_p50p90_992_j_BR,p50p90,1916,
Brazil,sptinc_p50p90_992_j_BR,p50p90,1917,
Brazil,sptinc_p50p90_992_j_BR,p50p90,1918,
Brazil,sptinc_p50p90_992_j_BR,p50p90,1919,
Brazil,sptinc_p50p90_992_j_BR,p50p90,1920,
Brazil,sptinc_p50p90_992_j_BR,p50p90,1921,
Brazil,sptinc_p50p90_992_j_BR,p50p90,1922,
Brazil,sptinc_p50p90_992_j_BR,p50p90,1923,
Brazil,sptinc_p50p90_992_j_BR,p50p90,1924,
Brazil,sptinc_p50p90_992_j_BR,p50p90,1925,
Brazil,sptinc_p50p90_992_j_BR,p50p90,1926,
Brazil,sptinc_p50p90_992_j_BR,p50p90,1927,
Brazil,sptinc_p50p90_992_j_BR,p50p90,1928,
Brazil,sptinc_p50p90_992_j_BR,p50p90,1929,
Brazil,sptinc_p50p90_992_j_BR,p50p90,1930,
Brazil,sptinc_p50p90_992_j_BR,p50p90,1931,
Brazil,sptinc_p50p90_992_j_BR,p50p90,1932,
Brazil,sptinc_p50p90_992_j_BR,p50p90,1933,
Brazil,sptinc_p50p90_992_j_BR,p50p90,1934,
Brazil,sptinc_p50p90_992_j_BR,p50p90,1935,
Brazil,sptinc_p50p90_992_j_BR,p50p90,1936,
Brazil,sptinc_p50p90_992_j_BR,p50p90,1937,
Brazil,sptinc_p50p90_992_j_BR,p50p90,1938,
Brazil,sptinc_p50p90_992_j_BR,p50p90,1939,
Brazil,sptinc_p50p90_992_j_BR,p50p90,1940,
Brazil,sptinc_p50p90_992_j_BR,p50p90,1941,
Brazil,sptinc_p50p90_992_j_BR,p50p90,1942,
Brazil,sptinc_p50p90_992_j_BR,p50p90,1943,
Brazil,sptinc_p50p90_992_j_BR,p50p90,1944,
Brazil,sptinc_p50p90_992_j_BR,p50p90,1945,
Brazil,sptinc_p50p90_992_j_BR,p50p90,1946,
Brazil,sptinc_p50p90_992_j_BR,p50p90,1947,
Brazil,sptinc_p50p90_992_j_BR,p50p90,1948,
Brazil,sptinc_p50p90_992_j_BR,p50p90,1949,
Brazil,sptinc_p50p90_992_j_BR,p50p90,1950,
Brazil,sptinc_p50p90_992_j_BR,p50p90,1951,
Brazil,sptinc_p50p90_992_j_BR,p50p90,1952,
Brazil,sptinc_p50p90_992_j_BR,p50p90,1953,
Brazil,sptinc_p50p90_992_j_BR,p50p90,1954,
Brazil,sptinc_p50p90_992_j_BR,p50p90,1955,
Brazil,sptinc_p50p90_992_j_BR,p50p90,1956,
Brazil,sptinc_p50p90_992_j_BR,p50p90,1957,
Brazil,sptinc_p50p90_992_j_BR,p50p90,1958,
Brazil,sptinc_p50p90_992_j_BR,p50p90,1959,
Brazil,sptinc_p50p90_992_j_BR,p50p90,1960,
Brazil,sptinc_p50p90_992_j_BR,p50p90,1961,
Brazil,sptinc_p50p90_992_j_BR,p50p90,1962,
Brazil,sptinc_p50p90_992_j_BR,p50p90,1963,
Brazil,sptinc_p50p90_992_j_BR,p50p90,1964,
Brazil,sptinc_p50p90_992_j_BR,p50p90,1965,
Brazil,sptinc_p50p90_992_j_BR,p50p90,1966,
Brazil,sptinc_p50p90_992_j_BR,p50p90,1967,
Brazil,sptinc_p50p90_992_j_BR,p50p90,1968,
Brazil,sptinc_p50p90_992_j_BR,p50p90,1969,
Brazil,sptinc_p50p90_992_j_BR,p50p90,1970,
Brazil,sptinc_p50p90_992_j_BR,p50p90,1971,
Brazil,sptinc_p50p90_992_j_BR,p50p90,1972,
Brazil,sptinc_p50p90_992_j_BR,p50p90,1973,
Brazil,sptinc_p50p90_992_j_BR,p50p90,1974,
Brazil,sptinc_p50p90_992_j_BR,p50p90,1975,
Brazil,sptinc_p50p90_992_j_BR,p50p90,1976,
Brazil,sptinc_p50p90_992_j_BR,p50p90,1977,
Brazil,sptinc_p50p90_992_j_BR,p50p90,1978,
Brazil,sptinc_p50p90_992_j_BR,p50p90,1979,
Brazil,sptinc_p50p90_992_j_BR,p50p90,1980,3.054
Brazil,sptinc_p50p90_992_j_BR,p50p90,1981,3.054
Brazil,sptinc_p50p90_992_j_BR,p50p90,1982,3.054
Brazil,sptinc_p50p90_992_j_BR,p50p90,1983,3.054
Brazil,sptinc_p50p90_992_j_BR,p50p90,1984,3.054
Brazil,sptinc_p50p90_992_j_BR,p50p90,1985,3.054
Brazil,sptinc_p50p90_992_j_BR,p50p90,1986,3.054
Brazil,sptinc_p50p90_992_j_BR,p50p90,1987,3.054
Brazil,sptinc_p50p90_992_j_BR,p50p90,1988,3.054
Brazil,sptinc_p50p90_992_j_BR,p50p90,1989,3.054
Brazil,sptinc_p50p90_992_j_BR,p50p90,1990,3.054
Brazil,sptinc_p50p90_992_j_BR,p50p90,1991,3.054
Brazil,sptinc_p50p90_992_j_BR,p50p90,1992,3.054
Brazil,sptinc_p50p90_992_j_BR,p50p90,1993,3.054
Brazil,sptinc_p50p90_992_j_BR,p50p90,1994,3.054
Brazil,sptinc_p50p90_992_j_BR,p50p90,1995,3.054
Brazil,sptinc_p50p90_992_j_BR,p50p90,1996,3.054
Brazil,sptinc_p50p90_992_j_BR,p50p90,1997,3.054
Brazil,sptinc_p50p90_992_j_BR,p50p90,1998,3.054
Brazil,sptinc_p50p90_992_j_BR,p50p90,1999,3.054
Brazil,sptinc_p50p90_992_j_BR,p50p90,2000,3.054
Brazil,sptinc_p50p90_992_j_BR,p50p90,2001,3.054
Brazil,sptinc_p50p90_992_j_BR,p50p90,2002,3.077
Brazil,sptinc_p50p90_992_j_BR,p50p90,2003,3.031
Brazil,sptinc_p50p90_992_j_BR,p50p90,2004,3.082
Brazil,sptinc_p50p90_992_j_BR,p50p90,2005,3.019
Brazil,sptinc_p50p90_992_j_BR,p50p90,2006,3.035
Brazil,sptinc_p50p90_992_j_BR,p50p90,2007,3.126
Brazil,sptinc_p50p90_992_j_BR,p50p90,2008,3.074
Brazil,sptinc_p50p90_992_j_BR,p50p90,2009,3.099
Brazil,sptinc_p50p90_992_j_BR,p50p90,2010,3.029
Brazil,sptinc_p50p90_992_j_BR,p50p90,2011,296
Brazil,sptinc_p50p90_992_j_BR,p50p90,2012,3.005
Brazil,sptinc_p50p90_992_j_BR,p50p90,2013,3.084
Brazil,sptinc_p50p90_992_j_BR,p50p90,2014,3.063
Brazil,sptinc_p50p90_992_j_BR,p50p90,2015,2.985
Brazil,sptinc_p50p90_992_j_BR,p50p90,2016,3.134
Brazil,sptinc_p50p90_992_j_BR,p50p90,2017,3.184
Brazil,sptinc_p50p90_992_j_BR,p50p90,2018,3.216
Brazil,sptinc_p50p90_992_j_BR,p50p90,2019,3.279
Brazil,sptinc_p50p90_992_j_BR,p50p90,2020,3.253
Brazil,sptinc_p50p90_992_j_BR,p50p90,2021,3.253
Brazil,sptinc_p90p100_992_j_BR,p90p100,1913,
Brazil,sptinc_p90p100_992_j_BR,p90p100,1914,
Brazil,sptinc_p90p100_992_j_BR,p90p100,1915,
Brazil,sptinc_p90p100_992_j_BR,p90p100,1916,
Brazil,sptinc_p90p100_992_j_BR,p90p100,1917,
Brazil,sptinc_p90p100_992_j_BR,p90p100,1918,
Brazil,sptinc_p90p100_992_j_BR,p90p100,1919,
Brazil,sptinc_p90p100_992_j_BR,p90p100,1920,6.123
Brazil,sptinc_p90p100_992_j_BR,p90p100,1921,
Brazil,sptinc_p90p100_992_j_BR,p90p100,1922,
Brazil,sptinc_p90p100_992_j_BR,p90p100,1923,
Brazil,sptinc_p90p100_992_j_BR,p90p100,1924,
Brazil,sptinc_p90p100_992_j_BR,p90p100,1925,
Brazil,sptinc_p90p100_992_j_BR,p90p100,1926,
Brazil,sptinc_p90p100_992_j_BR,p90p100,1927,
Brazil,sptinc_p90p100_992_j_BR,p90p100,1928,
Brazil,sptinc_p90p100_992_j_BR,p90p100,1929,
Brazil,sptinc_p90p100_992_j_BR,p90p100,1930,6.282
Brazil,sptinc_p90p100_992_j_BR,p90p100,1931,
Brazil,sptinc_p90p100_992_j_BR,p90p100,1932,
Brazil,sptinc_p90p100_992_j_BR,p90p100,1933,
Brazil,sptinc_p90p100_992_j_BR,p90p100,1934,
Brazil,sptinc_p90p100_992_j_BR,p90p100,1935,
Brazil,sptinc_p90p100_992_j_BR,p90p100,1936,
Brazil,sptinc_p90p100_992_j_BR,p90p100,1937,
Brazil,sptinc_p90p100_992_j_BR,p90p100,1938,
Brazil,sptinc_p90p100_992_j_BR,p90p100,1939,
Brazil,sptinc_p90p100_992_j_BR,p90p100,1940,6.494
Brazil,sptinc_p90p100_992_j_BR,p90p100,1941,
Brazil,sptinc_p90p100_992_j_BR,p90p100,1942,
Brazil,sptinc_p90p100_992_j_BR,p90p100,1943,
Brazil,sptinc_p90p100_992_j_BR,p90p100,1944,
Brazil,sptinc_p90p100_992_j_BR,p90p100,1945,
Brazil,sptinc_p90p100_992_j_BR,p90p100,1946,
Brazil,sptinc_p90p100_992_j_BR,p90p100,1947,
Brazil,sptinc_p90p100_992_j_BR,p90p100,1948,
Brazil,sptinc_p90p100_992_j_BR,p90p100,1949,
Brazil,sptinc_p90p100_992_j_BR,p90p100,1950,6.282
Brazil,sptinc_p90p100_992_j_BR,p90p100,1951,
Brazil,sptinc_p90p100_992_j_BR,p90p100,1952,
Brazil,sptinc_p90p100_992_j_BR,p90p100,1953,
Brazil,sptinc_p90p100_992_j_BR,p90p100,1954,
Brazil,sptinc_p90p100_992_j_BR,p90p100,1955,
Brazil,sptinc_p90p100_992_j_BR,p90p100,1956,
Brazil,sptinc_p90p100_992_j_BR,p90p100,1957,
Brazil,sptinc_p90p100_992_j_BR,p90p100,1958,
Brazil,sptinc_p90p100_992_j_BR,p90p100,1959,
Brazil,sptinc_p90p100_992_j_BR,p90p100,1960,6.016
Brazil,sptinc_p90p100_992_j_BR,p90p100,1961,
Brazil,sptinc_p90p100_992_j_BR,p90p100,1962,
Brazil,sptinc_p90p100_992_j_BR,p90p100,1963,
Brazil,sptinc_p90p100_992_j_BR,p90p100,1964,
Brazil,sptinc_p90p100_992_j_BR,p90p100,1965,
Brazil,sptinc_p90p100_992_j_BR,p90p100,1966,
Brazil,sptinc_p90p100_992_j_BR,p90p100,1967,
Brazil,sptinc_p90p100_992_j_BR,p90p100,1968,
Brazil,sptinc_p90p100_992_j_BR,p90p100,1969,
Brazil,sptinc_p90p100_992_j_BR,p90p100,1970,6.176
Brazil,sptinc_p90p100_992_j_BR,p90p100,1971,
Brazil,sptinc_p90p100_992_j_BR,p90p100,1972,
Brazil,sptinc_p90p100_992_j_BR,p90p100,1973,
Brazil,sptinc_p90p100_992_j_BR,p90p100,1974,
Brazil,sptinc_p90p100_992_j_BR,p90p100,1975,
Brazil,sptinc_p90p100_992_j_BR,p90p100,1976,
Brazil,sptinc_p90p100_992_j_BR,p90p100,1977,
Brazil,sptinc_p90p100_992_j_BR,p90p100,1978,
Brazil,sptinc_p90p100_992_j_BR,p90p100,1979,
Brazil,sptinc_p90p100_992_j_BR,p90p100,1980,6.091
Brazil,sptinc_p90p100_992_j_BR,p90p100,1981,6.091
Brazil,sptinc_p90p100_992_j_BR,p90p100,1982,6.091
Brazil,sptinc_p90p100_992_j_BR,p90p100,1983,6.091
Brazil,sptinc_p90p100_992_j_BR,p90p100,1984,6.091
Brazil,sptinc_p90p100_992_j_BR,p90p100,1985,6.091
Brazil,sptinc_p90p100_992_j_BR,p90p100,1986,6.091
Brazil,sptinc_p90p100_992_j_BR,p90p100,1987,6.091
Brazil,sptinc_p90p100_992_j_BR,p90p100,1988,6.091
Brazil,sptinc_p90p100_992_j_BR,p90p100,1989,6.091
Brazil,sptinc_p90p100_992_j_BR,p90p100,1990,6.091
Brazil,sptinc_p90p100_992_j_BR,p90p100,1991,6.091
Brazil,sptinc_p90p100_992_j_BR,p90p100,1992,6.091
Brazil,sptinc_p90p100_992_j_BR,p90p100,1993,6.091
Brazil,sptinc_p90p100_992_j_BR,p90p100,1994,6.091
Brazil,sptinc_p90p100_992_j_BR,p90p100,1995,6.091
Brazil,sptinc_p90p100_992_j_BR,p90p100,1996,6.091
Brazil,sptinc_p90p100_992_j_BR,p90p100,1997,6.091
Brazil,sptinc_p90p100_992_j_BR,p90p100,1998,6.091
Brazil,sptinc_p90p100_992_j_BR,p90p100,1999,6.091
Brazil,sptinc_p90p100_992_j_BR,p90p100,2000,6.091
Brazil,sptinc_p90p100_992_j_BR,p90p100,2001,6.091
Brazil,sptinc_p90p100_992_j_BR,p90p100,2002,6.048
Brazil,sptinc_p90p100_992_j_BR,p90p100,2003,6.094
Brazil,sptinc_p90p100_992_j_BR,p90p100,2004,6.021
Brazil,sptinc_p90p100_992_j_BR,p90p100,2005,6.061
Brazil,sptinc_p90p100_992_j_BR,p90p100,2006,6.023
Brazil,sptinc_p90p100_992_j_BR,p90p100,2007,5.865
Brazil,sptinc_p90p100_992_j_BR,p90p100,2008,5.909
Brazil,sptinc_p90p100_992_j_BR,p90p100,2009,587
Brazil,sptinc_p90p100_992_j_BR,p90p100,2010,5.948
Brazil,sptinc_p90p100_992_j_BR,p90p100,2011,6.025
Brazil,sptinc_p90p100_992_j_BR,p90p100,2012,5.938
Brazil,sptinc_p90p100_992_j_BR,p90p100,2013,5.839
Brazil,sptinc_p90p100_992_j_BR,p90p100,2014,587
Brazil,sptinc_p90p100_992_j_BR,p90p100,2015,5.988
Brazil,sptinc_p90p100_992_j_BR,p90p100,2016,5.893
Brazil,sptinc_p90p100_992_j_BR,p90p100,2017,5.843
Brazil,sptinc_p90p100_992_j_BR,p90p100,2018,5.807
Brazil,sptinc_p90p100_992_j_BR,p90p100,2019,5.707
Brazil,sptinc_p90p100_992_j_BR,p90p100,2020,5.831
Brazil,sptinc_p90p100_992_j_BR,p90p100,2021,5.831
Brazil,sptinc_p99p100_992_j_BR,p99p100,1913,
Brazil,sptinc_p99p100_992_j_BR,p99p100,1914,
Brazil,sptinc_p99p100_992_j_BR,p99p100,1915,
Brazil,sptinc_p99p100_992_j_BR,p99p100,1916,
Brazil,sptinc_p99p100_992_j_BR,p99p100,1917,
Brazil,sptinc_p99p100_992_j_BR,p99p100,1918,
Brazil,sptinc_p99p100_992_j_BR,p99p100,1919,
Brazil,sptinc_p99p100_992_j_BR,p99p100,1920,0.27
Brazil,sptinc_p99p100_992_j_BR,p99p100,1921,
Brazil,sptinc_p99p100_992_j_BR,p99p100,1922,
Brazil,sptinc_p99p100_992_j_BR,p99p100,1923,
Brazil,sptinc_p99p100_992_j_BR,p99p100,1924,
Brazil,sptinc_p99p100_992_j_BR,p99p100,1925,
Brazil,sptinc_p99p100_992_j_BR,p99p100,1926,
Brazil,sptinc_p99p100_992_j_BR,p99p100,1927,
Brazil,sptinc_p99p100_992_j_BR,p99p100,1928,
Brazil,sptinc_p99p100_992_j_BR,p99p100,1929,
Brazil,sptinc_p99p100_992_j_BR,p99p100,1930,0.3
Brazil,sptinc_p99p100_992_j_BR,p99p100,1931,
Brazil,sptinc_p99p100_992_j_BR,p99p100,1932,
Brazil,sptinc_p99p100_992_j_BR,p99p100,1933,
Brazil,sptinc_p99p100_992_j_BR,p99p100,1934,
Brazil,sptinc_p99p100_992_j_BR,p99p100,1935,
Brazil,sptinc_p99p100_992_j_BR,p99p100,1936,
Brazil,sptinc_p99p100_992_j_BR,p99p100,1937,
Brazil,sptinc_p99p100_992_j_BR,p99p100,1938,
Brazil,sptinc_p99p100_992_j_BR,p99p100,1939,
Brazil,sptinc_p99p100_992_j_BR,p99p100,1940,0.34
Brazil,sptinc_p99p100_992_j_BR,p99p100,1941,
Brazil,sptinc_p99p100_992_j_BR,p99p100,1942,
Brazil,sptinc_p99p100_992_j_BR,p99p100,1943,
Brazil,sptinc_p99p100_992_j_BR,p99p100,1944,
Brazil,sptinc_p99p100_992_j_BR,p99p100,1945,
Brazil,sptinc_p99p100_992_j_BR,p99p100,1946,
Brazil,sptinc_p99p100_992_j_BR,p99p100,1947,
Brazil,sptinc_p99p100_992_j_BR,p99p100,1948,
Brazil,sptinc_p99p100_992_j_BR,p99p100,1949,
Brazil,sptinc_p99p100_992_j_BR,p99p100,1950,0.3
Brazil,sptinc_p99p100_992_j_BR,p99p100,1951,
Brazil,sptinc_p99p100_992_j_BR,p99p100,1952,
Brazil,sptinc_p99p100_992_j_BR,p99p100,1953,
Brazil,sptinc_p99p100_992_j_BR,p99p100,1954,
Brazil,sptinc_p99p100_992_j_BR,p99p100,1955,
Brazil,sptinc_p99p100_992_j_BR,p99p100,1956,
Brazil,sptinc_p99p100_992_j_BR,p99p100,1957,
Brazil,sptinc_p99p100_992_j_BR,p99p100,1958,
Brazil,sptinc_p99p100_992_j_BR,p99p100,1959,
Brazil,sptinc_p99p100_992_j_BR,p99p100,1960,0.25
Brazil,sptinc_p99p100_992_j_BR,p99p100,1961,
Brazil,sptinc_p99p100_992_j_BR,p99p100,1962,
Brazil,sptinc_p99p100_992_j_BR,p99p100,1963,
Brazil,sptinc_p99p100_992_j_BR,p99p100,1964,
Brazil,sptinc_p99p100_992_j_BR,p99p100,1965,
Brazil,sptinc_p99p100_992_j_BR,p99p100,1966,
Brazil,sptinc_p99p100_992_j_BR,p99p100,1967,
Brazil,sptinc_p99p100_992_j_BR,p99p100,1968,
Brazil,sptinc_p99p100_992_j_BR,p99p100,1969,
Brazil,sptinc_p99p100_992_j_BR,p99p100,1970,0.28
Brazil,sptinc_p99p100_992_j_BR,p99p100,1971,
Brazil,sptinc_p99p100_992_j_BR,p99p100,1972,
Brazil,sptinc_p99p100_992_j_BR,p99p100,1973,
Brazil,sptinc_p99p100_992_j_BR,p99p100,1974,
Brazil,sptinc_p99p100_992_j_BR,p99p100,1975,
Brazil,sptinc_p99p100_992_j_BR,p99p100,1976,
Brazil,sptinc_p99p100_992_j_BR,p99p100,1977,
Brazil,sptinc_p99p100_992_j_BR,p99p100,1978,
Brazil,sptinc_p99p100_992_j_BR,p99p100,1979,
Brazil,sptinc_p99p100_992_j_BR,p99p100,1980,2.374
Brazil,sptinc_p99p100_992_j_BR,p99p100,1981,2.374
Brazil,sptinc_p99p100_992_j_BR,p99p100,1982,2.374
Brazil,sptinc_p99p100_992_j_BR,p99p100,1983,2.374
Brazil,sptinc_p99p100_992_j_BR,p99p100,1984,2.374
Brazil,sptinc_p99p100_992_j_BR,p99p100,1985,2.374
Brazil,sptinc_p99p100_992_j_BR,p99p100,1986,2.374
Brazil,sptinc_p99p100_992_j_BR,p99p100,1987,2.374
Brazil,sptinc_p99p100_992_j_BR,p99p100,1988,2.374
Brazil,sptinc_p99p100_992_j_BR,p99p100,1989,2.374
Brazil,sptinc_p99p100_992_j_BR,p99p100,1990,2.374
Brazil,sptinc_p99p100_992_j_BR,p99p100,1991,2.374
Brazil,sptinc_p99p100_992_j_BR,p99p100,1992,2.374
Brazil,sptinc_p99p100_992_j_BR,p99p100,1993,2.374
Brazil,sptinc_p99p100_992_j_BR,p99p100,1994,2.374
Brazil,sptinc_p99p100_992_j_BR,p99p100,1995,2.374
Brazil,sptinc_p99p100_992_j_BR,p99p100,1996,2.374
Brazil,sptinc_p99p100_992_j_BR,p99p100,1997,2.374
Brazil,sptinc_p99p100_992_j_BR,p99p100,1998,2.374
Brazil,sptinc_p99p100_992_j_BR,p99p100,1999,2.374
Brazil,sptinc_p99p100_992_j_BR,p99p100,2000,2.374
Brazil,sptinc_p99p100_992_j_BR,p99p100,2001,2.374
Brazil,sptinc_p99p100_992_j_BR,p99p100,2002,2.151
Brazil,sptinc_p99p100_992_j_BR,p99p100,2003,2.326
Brazil,sptinc_p99p100_992_j_BR,p99p100,2004,2.348
Brazil,sptinc_p99p100_992_j_BR,p99p100,2005,2.385
Brazil,sptinc_p99p100_992_j_BR,p99p100,2006,2.347
Brazil,sptinc_p99p100_992_j_BR,p99p100,2007,2.389
Brazil,sptinc_p99p100_992_j_BR,p99p100,2008,2.342
Brazil,sptinc_p99p100_992_j_BR,p99p100,2009,2.227
Brazil,sptinc_p99p100_992_j_BR,p99p100,2010,2.348
Brazil,sptinc_p99p100_992_j_BR,p99p100,2011,2.467
Brazil,sptinc_p99p100_992_j_BR,p99p100,2012,2.539
Brazil,sptinc_p99p100_992_j_BR,p99p100,2013,2.367
Brazil,sptinc_p99p100_992_j_BR,p99p100,2014,2.402
Brazil,sptinc_p99p100_992_j_BR,p99p100,2015,2.275
Brazil,sptinc_p99p100_992_j_BR,p99p100,2016,211
Brazil,sptinc_p99p100_992_j_BR,p99p100,2017,2.092
Brazil,sptinc_p99p100_992_j_BR,p99p100,2018,2.068
Brazil,sptinc_p99p100_992_j_BR,p99p100,2019,2.034
Brazil,sptinc_p99p100_992_j_BR,p99p100,2020,2.223
Brazil,sptinc_p99p100_992_j_BR,p99p100,2021,2.223
China,gptinc_pall_992_j_CN,pall,1913,
China,gptinc_pall_992_j_CN,pall,1914,
China,gptinc_pall_992_j_CN,pall,1915,
China,gptinc_pall_992_j_CN,pall,1916,
China,gptinc_pall_992_j_CN,pall,1917,
China,gptinc_pall_992_j_CN,pall,1918,
China,gptinc_pall_992_j_CN,pall,1919,
China,gptinc_pall_992_j_CN,pall,1920,
China,gptinc_pall_992_j_CN,pall,1921,
China,gptinc_pall_992_j_CN,pall,1922,
China,gptinc_pall_992_j_CN,pall,1923,
China,gptinc_pall_992_j_CN,pall,1924,
China,gptinc_pall_992_j_CN,pall,1925,
China,gptinc_pall_992_j_CN,pall,1926,
China,gptinc_pall_992_j_CN,pall,1927,
China,gptinc_pall_992_j_CN,pall,1928,
China,gptinc_pall_992_j_CN,pall,1929,
China,gptinc_pall_992_j_CN,pall,1930,
China,gptinc_pall_992_j_CN,pall,1931,
China,gptinc_pall_992_j_CN,pall,1932,
China,gptinc_pall_992_j_CN,pall,1933,
China,gptinc_pall_992_j_CN,pall,1934,
China,gptinc_pall_992_j_CN,pall,1935,
China,gptinc_pall_992_j_CN,pall,1936,
China,gptinc_pall_992_j_CN,pall,1937,
China,gptinc_pall_992_j_CN,pall,1938,
China,gptinc_pall_992_j_CN,pall,1939,
China,gptinc_pall_992_j_CN,pall,1940,
China,gptinc_pall_992_j_CN,pall,1941,
China,gptinc_pall_992_j_CN,pall,1942,
China,gptinc_pall_992_j_CN,pall,1943,
China,gptinc_pall_992_j_CN,pall,1944,
China,gptinc_pall_992_j_CN,pall,1945,
China,gptinc_pall_992_j_CN,pall,1946,
China,gptinc_pall_992_j_CN,pall,1947,
China,gptinc_pall_992_j_CN,pall,1948,
China,gptinc_pall_992_j_CN,pall,1949,
China,gptinc_pall_992_j_CN,pall,1950,
China,gptinc_pall_992_j_CN,pall,1951,
China,gptinc_pall_992_j_CN,pall,1952,
China,gptinc_pall_992_j_CN,pall,1953,
China,gptinc_pall_992_j_CN,pall,1954,
China,gptinc_pall_992_j_CN,pall,1955,
China,gptinc_pall_992_j_CN,pall,1956,
China,gptinc_pall_992_j_CN,pall,1957,
China,gptinc_pall_992_j_CN,pall,1958,
China,gptinc_pall_992_j_CN,pall,1959,
China,gptinc_pall_992_j_CN,pall,1960,
China,gptinc_pall_992_j_CN,pall,1961,
China,gptinc_pall_992_j_CN,pall,1962,
China,gptinc_pall_992_j_CN,pall,1963,
China,gptinc_pall_992_j_CN,pall,1964,
China,gptinc_pall_992_j_CN,pall,1965,
China,gptinc_pall_992_j_CN,pall,1966,
China,gptinc_pall_992_j_CN,pall,1967,
China,gptinc_pall_992_j_CN,pall,1968,
China,gptinc_pall_992_j_CN,pall,1969,
China,gptinc_pall_992_j_CN,pall,1970,
China,gptinc_pall_992_j_CN,pall,1971,
China,gptinc_pall_992_j_CN,pall,1972,
China,gptinc_pall_992_j_CN,pall,1973,
China,gptinc_pall_992_j_CN,pall,1974,
China,gptinc_pall_992_j_CN,pall,1975,
China,gptinc_pall_992_j_CN,pall,1976,
China,gptinc_pall_992_j_CN,pall,1977,
China,gptinc_pall_992_j_CN,pall,1978,379.853.525.895
China,gptinc_pall_992_j_CN,pall,1979,380.560.041.471
China,gptinc_pall_992_j_CN,pall,1980,382.153.174.689
China,gptinc_pall_992_j_CN,pall,1981,38.695.122.641
China,gptinc_pall_992_j_CN,pall,1982,394.164.832.972
China,gptinc_pall_992_j_CN,pall,1983,391.917.885.324
China,gptinc_pall_992_j_CN,pall,1984,396.942.361.782
China,gptinc_pall_992_j_CN,pall,1985,404.510.574.025
China,gptinc_pall_992_j_CN,pall,1986,41.934.250.217
China,gptinc_pall_992_j_CN,pall,1987,423.173.818.744
China,gptinc_pall_992_j_CN,pall,1988,426.745.130.706
China,gptinc_pall_992_j_CN,pall,1989,435.777.454.797
China,gptinc_pall_992_j_CN,pall,1990,432.298.472.339
China,gptinc_pall_992_j_CN,pall,1991,447.816.041.777
China,gptinc_pall_992_j_CN,pall,1992,462.626.515.794
China,gptinc_pall_992_j_CN,pall,1993,477.598.500.483
China,gptinc_pall_992_j_CN,pall,1994,483.452.075.884
China,gptinc_pall_992_j_CN,pall,1995,477.406.274.348
China,gptinc_pall_992_j_CN,pall,1996,471.341.058.131
China,gptinc_pall_992_j_CN,pall,1997,470.975.937.345
China,gptinc_pall_992_j_CN,pall,1998,472.029.237.172
China,gptinc_pall_992_j_CN,pall,1999,481.300.400.609
China,gptinc_pall_992_j_CN,pall,2000,497.964.414.287
China,gptinc_pall_992_j_CN,pall,2001,507.249.373.408
China,gptinc_pall_992_j_CN,pall,2002,534.569.124.398
China,gptinc_pall_992_j_CN,pall,2003,542.811.471.799
China,gptinc_pall_992_j_CN,pall,2004,546.003.505.442
China,gptinc_pall_992_j_CN,pall,2005,557.739.497.673
China,gptinc_pall_992_j_CN,pall,2006,558.960.275.269
China,gptinc_pall_992_j_CN,pall,2007,561.986.210.217
China,gptinc_pall_992_j_CN,pall,2008,562.217.639.842
China,gptinc_pall_992_j_CN,pall,2009,562.670.183.436
China,gptinc_pall_992_j_CN,pall,2010,566.500.775.799
China,gptinc_pall_992_j_CN,pall,2011,564.565.804.629
China,gptinc_pall_992_j_CN,pall,2012,553.076.706.607
China,gptinc_pall_992_j_CN,pall,2013,562.073.504.297
China,gptinc_pall_992_j_CN,pall,2014,554.613.284.875
China,gptinc_pall_992_j_CN,pall,2015,555.457.724.308
China,gptinc_pall_992_j_CN,pall,2016,553.713.580.914
China,gptinc_pall_992_j_CN,pall,2017,561.371.032.139
China,gptinc_pall_992_j_CN,pall,2018,559.181.695.203
China,gptinc_pall_992_j_CN,pall,2019,557.921.970.515
China,gptinc_pall_992_j_CN,pall,2020,564.136.028.802
China,gptinc_pall_992_j_CN,pall,2021,565.235.848.256
China,sptinc_p0p50_992_j_CN,p0p50,1913,
China,sptinc_p0p50_992_j_CN,p0p50,1914,
China,sptinc_p0p50_992_j_CN,p0p50,1915,
China,sptinc_p0p50_992_j_CN,p0p50,1916,
China,sptinc_p0p50_992_j_CN,p0p50,1917,
China,sptinc_p0p50_992_j_CN,p0p50,1918,
China,sptinc_p0p50_992_j_CN,p0p50,1919,
China,sptinc_p0p50_992_j_CN,p0p50,1920,1.558
China,sptinc_p0p50_992_j_CN,p0p50,1921,
China,sptinc_p0p50_992_j_CN,p0p50,1922,
China,sptinc_p0p50_992_j_CN,p0p50,1923,
China,sptinc_p0p50_992_j_CN,p0p50,1924,
China,sptinc_p0p50_992_j_CN,p0p50,1925,
China,sptinc_p0p50_992_j_CN,p0p50,1926,
China,sptinc_p0p50_992_j_CN,p0p50,1927,
China,sptinc_p0p50_992_j_CN,p0p50,1928,
China,sptinc_p0p50_992_j_CN,p0p50,1929,
China,sptinc_p0p50_992_j_CN,p0p50,1930,1.637
China,sptinc_p0p50_992_j_CN,p0p50,1931,
China,sptinc_p0p50_992_j_CN,p0p50,1932,
China,sptinc_p0p50_992_j_CN,p0p50,1933,
China,sptinc_p0p50_992_j_CN,p0p50,1934,
China,sptinc_p0p50_992_j_CN,p0p50,1935,
China,sptinc_p0p50_992_j_CN,p0p50,1936,
China,sptinc_p0p50_992_j_CN,p0p50,1937,
China,sptinc_p0p50_992_j_CN,p0p50,1938,
China,sptinc_p0p50_992_j_CN,p0p50,1939,
China,sptinc_p0p50_992_j_CN,p0p50,1940,1.791
China,sptinc_p0p50_992_j_CN,p0p50,1941,
China,sptinc_p0p50_992_j_CN,p0p50,1942,
China,sptinc_p0p50_992_j_CN,p0p50,1943,
China,sptinc_p0p50_992_j_CN,p0p50,1944,
China,sptinc_p0p50_992_j_CN,p0p50,1945,
China,sptinc_p0p50_992_j_CN,p0p50,1946,
China,sptinc_p0p50_992_j_CN,p0p50,1947,
China,sptinc_p0p50_992_j_CN,p0p50,1948,
China,sptinc_p0p50_992_j_CN,p0p50,1949,
China,sptinc_p0p50_992_j_CN,p0p50,1950,254
China,sptinc_p0p50_992_j_CN,p0p50,1951,
China,sptinc_p0p50_992_j_CN,p0p50,1952,
China,sptinc_p0p50_992_j_CN,p0p50,1953,
China,sptinc_p0p50_992_j_CN,p0p50,1954,
China,sptinc_p0p50_992_j_CN,p0p50,1955,
China,sptinc_p0p50_992_j_CN,p0p50,1956,
China,sptinc_p0p50_992_j_CN,p0p50,1957,
China,sptinc_p0p50_992_j_CN,p0p50,1958,
China,sptinc_p0p50_992_j_CN,p0p50,1959,
China,sptinc_p0p50_992_j_CN,p0p50,1960,254
China,sptinc_p0p50_992_j_CN,p0p50,1961,
China,sptinc_p0p50_992_j_CN,p0p50,1962,
China,sptinc_p0p50_992_j_CN,p0p50,1963,
China,sptinc_p0p50_992_j_CN,p0p50,1964,
China,sptinc_p0p50_992_j_CN,p0p50,1965,
China,sptinc_p0p50_992_j_CN,p0p50,1966,
China,sptinc_p0p50_992_j_CN,p0p50,1967,
China,sptinc_p0p50_992_j_CN,p0p50,1968,
China,sptinc_p0p50_992_j_CN,p0p50,1969,
China,sptinc_p0p50_992_j_CN,p0p50,1970,254
China,sptinc_p0p50_992_j_CN,p0p50,1971,
China,sptinc_p0p50_992_j_CN,p0p50,1972,
China,sptinc_p0p50_992_j_CN,p0p50,1973,
China,sptinc_p0p50_992_j_CN,p0p50,1974,
China,sptinc_p0p50_992_j_CN,p0p50,1975,
China,sptinc_p0p50_992_j_CN,p0p50,1976,
China,sptinc_p0p50_992_j_CN,p0p50,1977,
China,sptinc_p0p50_992_j_CN,p0p50,1978,2.517
China,sptinc_p0p50_992_j_CN,p0p50,1979,251
China,sptinc_p0p50_992_j_CN,p0p50,1980,2.498
China,sptinc_p0p50_992_j_CN,p0p50,1981,2.471
China,sptinc_p0p50_992_j_CN,p0p50,1982,2.419
China,sptinc_p0p50_992_j_CN,p0p50,1983,2.445
China,sptinc_p0p50_992_j_CN,p0p50,1984,2.418
China,sptinc_p0p50_992_j_CN,p0p50,1985,2.384
China,sptinc_p0p50_992_j_CN,p0p50,1986,2.252
China,sptinc_p0p50_992_j_CN,p0p50,1987,2.207
China,sptinc_p0p50_992_j_CN,p0p50,1988,2.188
China,sptinc_p0p50_992_j_CN,p0p50,1989,2.126
China,sptinc_p0p50_992_j_CN,p0p50,1990,2.146
China,sptinc_p0p50_992_j_CN,p0p50,1991,2.027
China,sptinc_p0p50_992_j_CN,p0p50,1992,1.939
China,sptinc_p0p50_992_j_CN,p0p50,1993,1.849
China,sptinc_p0p50_992_j_CN,p0p50,1994,1.811
China,sptinc_p0p50_992_j_CN,p0p50,1995,1.849
China,sptinc_p0p50_992_j_CN,p0p50,1996,1.906
China,sptinc_p0p50_992_j_CN,p0p50,1997,1.909
China,sptinc_p0p50_992_j_CN,p0p50,1998,1.915
China,sptinc_p0p50_992_j_CN,p0p50,1999,185
China,sptinc_p0p50_992_j_CN,p0p50,2000,1.737
China,sptinc_p0p50_992_j_CN,p0p50,2001,1.681
China,sptinc_p0p50_992_j_CN,p0p50,2002,1.557
China,sptinc_p0p50_992_j_CN,p0p50,2003,1.515
China,sptinc_p0p50_992_j_CN,p0p50,2004,1.515
China,sptinc_p0p50_992_j_CN,p0p50,2005,1.442
China,sptinc_p0p50_992_j_CN,p0p50,2006,1.441
China,sptinc_p0p50_992_j_CN,p0p50,2007,1.425
China,sptinc_p0p50_992_j_CN,p0p50,2008,1.421
China,sptinc_p0p50_992_j_CN,p0p50,2009,1.414
China,sptinc_p0p50_992_j_CN,p0p50,2010,1.383
China,sptinc_p0p50_992_j_CN,p0p50,2011,1.409
China,sptinc_p0p50_992_j_CN,p0p50,2012,1.454
China,sptinc_p0p50_992_j_CN,p0p50,2013,1.403
China,sptinc_p0p50_992_j_CN,p0p50,2014,1.438
China,sptinc_p0p50_992_j_CN,p0p50,2015,1.436
China,sptinc_p0p50_992_j_CN,p0p50,2016,1.411
China,sptinc_p0p50_992_j_CN,p0p50,2017,1.386
China,sptinc_p0p50_992_j_CN,p0p50,2018,1.393
China,sptinc_p0p50_992_j_CN,p0p50,2019,1.398
China,sptinc_p0p50_992_j_CN,p0p50,2020,1.377
China,sptinc_p0p50_992_j_CN,p0p50,2021,1.374
China,sptinc_p50p90_992_j_CN,p50p90,1913,
China,sptinc_p50p90_992_j_CN,p50p90,1914,
China,sptinc_p50p90_992_j_CN,p50p90,1915,
China,sptinc_p50p90_992_j_CN,p50p90,1916,
China,sptinc_p50p90_992_j_CN,p50p90,1917,
China,sptinc_p50p90_992_j_CN,p50p90,1918,
China,sptinc_p50p90_992_j_CN,p50p90,1919,
China,sptinc_p50p90_992_j_CN,p50p90,1920,
China,sptinc_p50p90_992_j_CN,p50p90,1921,
China,sptinc_p50p90_992_j_CN,p50p90,1922,
China,sptinc_p50p90_992_j_CN,p50p90,1923,
China,sptinc_p50p90_992_j_CN,p50p90,1924,
China,sptinc_p50p90_992_j_CN,p50p90,1925,
China,sptinc_p50p90_992_j_CN,p50p90,1926,
China,sptinc_p50p90_992_j_CN,p50p90,1927,
China,sptinc_p50p90_992_j_CN,p50p90,1928,
China,sptinc_p50p90_992_j_CN,p50p90,1929,
China,sptinc_p50p90_992_j_CN,p50p90,1930,
China,sptinc_p50p90_992_j_CN,p50p90,1931,
China,sptinc_p50p90_992_j_CN,p50p90,1932,
China,sptinc_p50p90_992_j_CN,p50p90,1933,
China,sptinc_p50p90_992_j_CN,p50p90,1934,
China,sptinc_p50p90_992_j_CN,p50p90,1935,
China,sptinc_p50p90_992_j_CN,p50p90,1936,
China,sptinc_p50p90_992_j_CN,p50p90,1937,
China,sptinc_p50p90_992_j_CN,p50p90,1938,
China,sptinc_p50p90_992_j_CN,p50p90,1939,
China,sptinc_p50p90_992_j_CN,p50p90,1940,
China,sptinc_p50p90_992_j_CN,p50p90,1941,
China,sptinc_p50p90_992_j_CN,p50p90,1942,
China,sptinc_p50p90_992_j_CN,p50p90,1943,
China,sptinc_p50p90_992_j_CN,p50p90,1944,
China,sptinc_p50p90_992_j_CN,p50p90,1945,
China,sptinc_p50p90_992_j_CN,p50p90,1946,
China,sptinc_p50p90_992_j_CN,p50p90,1947,
China,sptinc_p50p90_992_j_CN,p50p90,1948,
China,sptinc_p50p90_992_j_CN,p50p90,1949,
China,sptinc_p50p90_992_j_CN,p50p90,1950,
China,sptinc_p50p90_992_j_CN,p50p90,1951,
China,sptinc_p50p90_992_j_CN,p50p90,1952,
China,sptinc_p50p90_992_j_CN,p50p90,1953,
China,sptinc_p50p90_992_j_CN,p50p90,1954,
China,sptinc_p50p90_992_j_CN,p50p90,1955,
China,sptinc_p50p90_992_j_CN,p50p90,1956,
China,sptinc_p50p90_992_j_CN,p50p90,1957,
China,sptinc_p50p90_992_j_CN,p50p90,1958,
China,sptinc_p50p90_992_j_CN,p50p90,1959,
China,sptinc_p50p90_992_j_CN,p50p90,1960,
China,sptinc_p50p90_992_j_CN,p50p90,1961,
China,sptinc_p50p90_992_j_CN,p50p90,1962,
China,sptinc_p50p90_992_j_CN,p50p90,1963,
China,sptinc_p50p90_992_j_CN,p50p90,1964,
China,sptinc_p50p90_992_j_CN,p50p90,1965,
China,sptinc_p50p90_992_j_CN,p50p90,1966,
China,sptinc_p50p90_992_j_CN,p50p90,1967,
China,sptinc_p50p90_992_j_CN,p50p90,1968,
China,sptinc_p50p90_992_j_CN,p50p90,1969,
China,sptinc_p50p90_992_j_CN,p50p90,1970,
China,sptinc_p50p90_992_j_CN,p50p90,1971,
China,sptinc_p50p90_992_j_CN,p50p90,1972,
China,sptinc_p50p90_992_j_CN,p50p90,1973,
China,sptinc_p50p90_992_j_CN,p50p90,1974,
China,sptinc_p50p90_992_j_CN,p50p90,1975,
China,sptinc_p50p90_992_j_CN,p50p90,1976,
China,sptinc_p50p90_992_j_CN,p50p90,1977,
China,sptinc_p50p90_992_j_CN,p50p90,1978,4.702
China,sptinc_p50p90_992_j_CN,p50p90,1979,4.708
China,sptinc_p50p90_992_j_CN,p50p90,1980,4.713
China,sptinc_p50p90_992_j_CN,p50p90,1981,4.698
China,sptinc_p50p90_992_j_CN,p50p90,1982,471
China,sptinc_p50p90_992_j_CN,p50p90,1983,4.675
China,sptinc_p50p90_992_j_CN,p50p90,1984,4.654
China,sptinc_p50p90_992_j_CN,p50p90,1985,4.602
China,sptinc_p50p90_992_j_CN,p50p90,1986,4.709
China,sptinc_p50p90_992_j_CN,p50p90,1987,4.771
China,sptinc_p50p90_992_j_CN,p50p90,1988,4.756
China,sptinc_p50p90_992_j_CN,p50p90,1989,4.763
China,sptinc_p50p90_992_j_CN,p50p90,1990,4.769
China,sptinc_p50p90_992_j_CN,p50p90,1991,4.823
China,sptinc_p50p90_992_j_CN,p50p90,1992,479
China,sptinc_p50p90_992_j_CN,p50p90,1993,4.761
China,sptinc_p50p90_992_j_CN,p50p90,1994,4.756
China,sptinc_p50p90_992_j_CN,p50p90,1995,4.761
China,sptinc_p50p90_992_j_CN,p50p90,1996,4.703
China,sptinc_p50p90_992_j_CN,p50p90,1997,4.699
China,sptinc_p50p90_992_j_CN,p50p90,1998,466
China,sptinc_p50p90_992_j_CN,p50p90,1999,4.671
China,sptinc_p50p90_992_j_CN,p50p90,2000,4.676
China,sptinc_p50p90_992_j_CN,p50p90,2001,4.657
China,sptinc_p50p90_992_j_CN,p50p90,2002,4.475
China,sptinc_p50p90_992_j_CN,p50p90,2003,4.434
China,sptinc_p50p90_992_j_CN,p50p90,2004,4.364
China,sptinc_p50p90_992_j_CN,p50p90,2005,4.342
China,sptinc_p50p90_992_j_CN,p50p90,2006,4.323
China,sptinc_p50p90_992_j_CN,p50p90,2007,4.306
China,sptinc_p50p90_992_j_CN,p50p90,2008,431
China,sptinc_p50p90_992_j_CN,p50p90,2009,4.324
China,sptinc_p50p90_992_j_CN,p50p90,2010,4.334
China,sptinc_p50p90_992_j_CN,p50p90,2011,428
China,sptinc_p50p90_992_j_CN,p50p90,2012,4.377
China,sptinc_p50p90_992_j_CN,p50p90,2013,4.362
China,sptinc_p50p90_992_j_CN,p50p90,2014,4.406
China,sptinc_p50p90_992_j_CN,p50p90,2015,4.398
China,sptinc_p50p90_992_j_CN,p50p90,2016,4.409
China,sptinc_p50p90_992_j_CN,p50p90,2017,4.331
China,sptinc_p50p90_992_j_CN,p50p90,2018,4.353
China,sptinc_p50p90_992_j_CN,p50p90,2019,4.366
China,sptinc_p50p90_992_j_CN,p50p90,2020,4.303
China,sptinc_p50p90_992_j_CN,p50p90,2021,4.292
China,sptinc_p90p100_992_j_CN,p90p100,1913,
China,sptinc_p90p100_992_j_CN,p90p100,1914,
China,sptinc_p90p100_992_j_CN,p90p100,1915,
China,sptinc_p90p100_992_j_CN,p90p100,1916,
China,sptinc_p90p100_992_j_CN,p90p100,1917,
China,sptinc_p90p100_992_j_CN,p90p100,1918,
China,sptinc_p90p100_992_j_CN,p90p100,1919,
China,sptinc_p90p100_992_j_CN,p90p100,1920,5.503
China,sptinc_p90p100_992_j_CN,p90p100,1921,
China,sptinc_p90p100_992_j_CN,p90p100,1922,
China,sptinc_p90p100_992_j_CN,p90p100,1923,
China,sptinc_p90p100_992_j_CN,p90p100,1924,
China,sptinc_p90p100_992_j_CN,p90p100,1925,
China,sptinc_p90p100_992_j_CN,p90p100,1926,
China,sptinc_p90p100_992_j_CN,p90p100,1927,
China,sptinc_p90p100_992_j_CN,p90p100,1928,
China,sptinc_p90p100_992_j_CN,p90p100,1929,
China,sptinc_p90p100_992_j_CN,p90p100,1930,5.277
China,sptinc_p90p100_992_j_CN,p90p100,1931,
China,sptinc_p90p100_992_j_CN,p90p100,1932,
China,sptinc_p90p100_992_j_CN,p90p100,1933,
China,sptinc_p90p100_992_j_CN,p90p100,1934,
China,sptinc_p90p100_992_j_CN,p90p100,1935,
China,sptinc_p90p100_992_j_CN,p90p100,1936,
China,sptinc_p90p100_992_j_CN,p90p100,1937,
China,sptinc_p90p100_992_j_CN,p90p100,1938,
China,sptinc_p90p100_992_j_CN,p90p100,1939,
China,sptinc_p90p100_992_j_CN,p90p100,1940,4.832
China,sptinc_p90p100_992_j_CN,p90p100,1941,
China,sptinc_p90p100_992_j_CN,p90p100,1942,
China,sptinc_p90p100_992_j_CN,p90p100,1943,
China,sptinc_p90p100_992_j_CN,p90p100,1944,
China,sptinc_p90p100_992_j_CN,p90p100,1945,
China,sptinc_p90p100_992_j_CN,p90p100,1946,
China,sptinc_p90p100_992_j_CN,p90p100,1947,
China,sptinc_p90p100_992_j_CN,p90p100,1948,
China,sptinc_p90p100_992_j_CN,p90p100,1949,
China,sptinc_p90p100_992_j_CN,p90p100,1950,267
China,sptinc_p90p100_992_j_CN,p90p100,1951,
China,sptinc_p90p100_992_j_CN,p90p100,1952,
China,sptinc_p90p100_992_j_CN,p90p100,1953,
China,sptinc_p90p100_992_j_CN,p90p100,1954,
China,sptinc_p90p100_992_j_CN,p90p100,1955,
China,sptinc_p90p100_992_j_CN,p90p100,1956,
China,sptinc_p90p100_992_j_CN,p90p100,1957,
China,sptinc_p90p100_992_j_CN,p90p100,1958,
China,sptinc_p90p100_992_j_CN,p90p100,1959,
China,sptinc_p90p100_992_j_CN,p90p100,1960,267
China,sptinc_p90p100_992_j_CN,p90p100,1961,
China,sptinc_p90p100_992_j_CN,p90p100,1962,
China,sptinc_p90p100_992_j_CN,p90p100,1963,
China,sptinc_p90p100_992_j_CN,p90p100,1964,
China,sptinc_p90p100_992_j_CN,p90p100,1965,
China,sptinc_p90p100_992_j_CN,p90p100,1966,
China,sptinc_p90p100_992_j_CN,p90p100,1967,
China,sptinc_p90p100_992_j_CN,p90p100,1968,
China,sptinc_p90p100_992_j_CN,p90p100,1969,
China,sptinc_p90p100_992_j_CN,p90p100,1970,267
China,sptinc_p90p100_992_j_CN,p90p100,1971,
China,sptinc_p90p100_992_j_CN,p90p100,1972,
China,sptinc_p90p100_992_j_CN,p90p100,1973,
China,sptinc_p90p100_992_j_CN,p90p100,1974,
China,sptinc_p90p100_992_j_CN,p90p100,1975,
China,sptinc_p90p100_992_j_CN,p90p100,1976,
China,sptinc_p90p100_992_j_CN,p90p100,1977,
China,sptinc_p90p100_992_j_CN,p90p100,1978,2.781
China,sptinc_p90p100_992_j_CN,p90p100,1979,2.781
China,sptinc_p90p100_992_j_CN,p90p100,1980,2.789
China,sptinc_p90p100_992_j_CN,p90p100,1981,2.831
China,sptinc_p90p100_992_j_CN,p90p100,1982,2.871
China,sptinc_p90p100_992_j_CN,p90p100,1983,288
China,sptinc_p90p100_992_j_CN,p90p100,1984,2.928
China,sptinc_p90p100_992_j_CN,p90p100,1985,3.014
China,sptinc_p90p100_992_j_CN,p90p100,1986,3.039
China,sptinc_p90p100_992_j_CN,p90p100,1987,3.022
China,sptinc_p90p100_992_j_CN,p90p100,1988,3.056
China,sptinc_p90p100_992_j_CN,p90p100,1989,3.111
China,sptinc_p90p100_992_j_CN,p90p100,1990,3.085
China,sptinc_p90p100_992_j_CN,p90p100,1991,3.151
China,sptinc_p90p100_992_j_CN,p90p100,1992,3.271
China,sptinc_p90p100_992_j_CN,p90p100,1993,3.391
China,sptinc_p90p100_992_j_CN,p90p100,1994,3.433
China,sptinc_p90p100_992_j_CN,p90p100,1995,339
China,sptinc_p90p100_992_j_CN,p90p100,1996,339
China,sptinc_p90p100_992_j_CN,p90p100,1997,3.391
China,sptinc_p90p100_992_j_CN,p90p100,1998,3.425
China,sptinc_p90p100_992_j_CN,p90p100,1999,3.479
China,sptinc_p90p100_992_j_CN,p90p100,2000,3.587
China,sptinc_p90p100_992_j_CN,p90p100,2001,3.662
China,sptinc_p90p100_992_j_CN,p90p100,2002,3.968
China,sptinc_p90p100_992_j_CN,p90p100,2003,4.051
China,sptinc_p90p100_992_j_CN,p90p100,2004,4.121
China,sptinc_p90p100_992_j_CN,p90p100,2005,4.216
China,sptinc_p90p100_992_j_CN,p90p100,2006,4.237
China,sptinc_p90p100_992_j_CN,p90p100,2007,4.269
China,sptinc_p90p100_992_j_CN,p90p100,2008,4.269
China,sptinc_p90p100_992_j_CN,p90p100,2009,4.263
China,sptinc_p90p100_992_j_CN,p90p100,2010,4.283
China,sptinc_p90p100_992_j_CN,p90p100,2011,4.311
China,sptinc_p90p100_992_j_CN,p90p100,2012,4.169
China,sptinc_p90p100_992_j_CN,p90p100,2013,4.235
China,sptinc_p90p100_992_j_CN,p90p100,2014,4.155
China,sptinc_p90p100_992_j_CN,p90p100,2015,4.166
China,sptinc_p90p100_992_j_CN,p90p100,2016,418
China,sptinc_p90p100_992_j_CN,p90p100,2017,4.283
China,sptinc_p90p100_992_j_CN,p90p100,2018,4.253
China,sptinc_p90p100_992_j_CN,p90p100,2019,4.236
China,sptinc_p90p100_992_j_CN,p90p100,2020,432
China,sptinc_p90p100_992_j_CN,p90p100,2021,4.335
China,sptinc_p99p100_992_j_CN,p99p100,1913,
China,sptinc_p99p100_992_j_CN,p99p100,1914,
China,sptinc_p99p100_992_j_CN,p99p100,1915,
China,sptinc_p99p100_992_j_CN,p99p100,1916,
China,sptinc_p99p100_992_j_CN,p99p100,1917,
China,sptinc_p99p100_992_j_CN,p99p100,1918,
China,sptinc_p99p100_992_j_CN,p99p100,1919,
China,sptinc_p99p100_992_j_CN,p99p100,1920,2.178
China,sptinc_p99p100_992_j_CN,p99p100,1921,
China,sptinc_p99p100_992_j_CN,p99p100,1922,
China,sptinc_p99p100_992_j_CN,p99p100,1923,
China,sptinc_p99p100_992_j_CN,p99p100,1924,
China,sptinc_p99p100_992_j_CN,p99p100,1925,
China,sptinc_p99p100_992_j_CN,p99p100,1926,
China,sptinc_p99p100_992_j_CN,p99p100,1927,
China,sptinc_p99p100_992_j_CN,p99p100,1928,
China,sptinc_p99p100_992_j_CN,p99p100,1929,
China,sptinc_p99p100_992_j_CN,p99p100,1930,1.984
China,sptinc_p99p100_992_j_CN,p99p100,1931,
China,sptinc_p99p100_992_j_CN,p99p100,1932,
China,sptinc_p99p100_992_j_CN,p99p100,1933,
China,sptinc_p99p100_992_j_CN,p99p100,1934,
China,sptinc_p99p100_992_j_CN,p99p100,1935,
China,sptinc_p99p100_992_j_CN,p99p100,1936,
China,sptinc_p99p100_992_j_CN,p99p100,1937,
China,sptinc_p99p100_992_j_CN,p99p100,1938,
China,sptinc_p99p100_992_j_CN,p99p100,1939,
China,sptinc_p99p100_992_j_CN,p99p100,1940,1.817
China,sptinc_p99p100_992_j_CN,p99p100,1941,
China,sptinc_p99p100_992_j_CN,p99p100,1942,
China,sptinc_p99p100_992_j_CN,p99p100,1943,
China,sptinc_p99p100_992_j_CN,p99p100,1944,
China,sptinc_p99p100_992_j_CN,p99p100,1945,
China,sptinc_p99p100_992_j_CN,p99p100,1946,
China,sptinc_p99p100_992_j_CN,p99p100,1947,
China,sptinc_p99p100_992_j_CN,p99p100,1948,
China,sptinc_p99p100_992_j_CN,p99p100,1949,
China,sptinc_p99p100_992_j_CN,p99p100,1950,0.05
China,sptinc_p99p100_992_j_CN,p99p100,1951,
China,sptinc_p99p100_992_j_CN,p99p100,1952,
China,sptinc_p99p100_992_j_CN,p99p100,1953,
China,sptinc_p99p100_992_j_CN,p99p100,1954,
China,sptinc_p99p100_992_j_CN,p99p100,1955,
China,sptinc_p99p100_992_j_CN,p99p100,1956,
China,sptinc_p99p100_992_j_CN,p99p100,1957,
China,sptinc_p99p100_992_j_CN,p99p100,1958,
China,sptinc_p99p100_992_j_CN,p99p100,1959,
China,sptinc_p99p100_992_j_CN,p99p100,1960,0.05
China,sptinc_p99p100_992_j_CN,p99p100,1961,
China,sptinc_p99p100_992_j_CN,p99p100,1962,
China,sptinc_p99p100_992_j_CN,p99p100,1963,
China,sptinc_p99p100_992_j_CN,p99p100,1964,
China,sptinc_p99p100_992_j_CN,p99p100,1965,
China,sptinc_p99p100_992_j_CN,p99p100,1966,
China,sptinc_p99p100_992_j_CN,p99p100,1967,
China,sptinc_p99p100_992_j_CN,p99p100,1968,
China,sptinc_p99p100_992_j_CN,p99p100,1969,
China,sptinc_p99p100_992_j_CN,p99p100,1970,0.05
China,sptinc_p99p100_992_j_CN,p99p100,1971,
China,sptinc_p99p100_992_j_CN,p99p100,1972,
China,sptinc_p99p100_992_j_CN,p99p100,1973,
China,sptinc_p99p100_992_j_CN,p99p100,1974,
China,sptinc_p99p100_992_j_CN,p99p100,1975,
China,sptinc_p99p100_992_j_CN,p99p100,1976,
China,sptinc_p99p100_992_j_CN,p99p100,1977,
China,sptinc_p99p100_992_j_CN,p99p100,1978,65
China,sptinc_p99p100_992_j_CN,p99p100,1979,652
China,sptinc_p99p100_992_j_CN,p99p100,1980,657
China,sptinc_p99p100_992_j_CN,p99p100,1981,686
China,sptinc_p99p100_992_j_CN,p99p100,1982,709
China,sptinc_p99p100_992_j_CN,p99p100,1983,727
China,sptinc_p99p100_992_j_CN,p99p100,1984,761
China,sptinc_p99p100_992_j_CN,p99p100,1985,817
China,sptinc_p99p100_992_j_CN,p99p100,1986,811
China,sptinc_p99p100_992_j_CN,p99p100,1987,0.08
China,sptinc_p99p100_992_j_CN,p99p100,1988,813
China,sptinc_p99p100_992_j_CN,p99p100,1989,833
China,sptinc_p99p100_992_j_CN,p99p100,1990,821
China,sptinc_p99p100_992_j_CN,p99p100,1991,842
China,sptinc_p99p100_992_j_CN,p99p100,1992,885
China,sptinc_p99p100_992_j_CN,p99p100,1993,929
China,sptinc_p99p100_992_j_CN,p99p100,1994,954
China,sptinc_p99p100_992_j_CN,p99p100,1995,938
China,sptinc_p99p100_992_j_CN,p99p100,1996,965
China,sptinc_p99p100_992_j_CN,p99p100,1997,965
China,sptinc_p99p100_992_j_CN,p99p100,1998,994
China,sptinc_p99p100_992_j_CN,p99p100,1999,1.002
China,sptinc_p99p100_992_j_CN,p99p100,2000,1.046
China,sptinc_p99p100_992_j_CN,p99p100,2001,1.096
China,sptinc_p99p100_992_j_CN,p99p100,2002,1.265
China,sptinc_p99p100_992_j_CN,p99p100,2003,1.323
China,sptinc_p99p100_992_j_CN,p99p100,2004,1.393
China,sptinc_p99p100_992_j_CN,p99p100,2005,143
China,sptinc_p99p100_992_j_CN,p99p100,2006,1.487
China,sptinc_p99p100_992_j_CN,p99p100,2007,1.538
China,sptinc_p99p100_992_j_CN,p99p100,2008,1.529
China,sptinc_p99p100_992_j_CN,p99p100,2009,1.552
China,sptinc_p99p100_992_j_CN,p99p100,2010,152
China,sptinc_p99p100_992_j_CN,p99p100,2011,1.467
China,sptinc_p99p100_992_j_CN,p99p100,2012,1.383
China,sptinc_p99p100_992_j_CN,p99p100,2013,1.389
China,sptinc_p99p100_992_j_CN,p99p100,2014,1.374
China,sptinc_p99p100_992_j_CN,p99p100,2015,0.14
China,sptinc_p99p100_992_j_CN,p99p100,2016,1.405
China,sptinc_p99p100_992_j_CN,p99p100,2017,1.516
China,sptinc_p99p100_992_j_CN,p99p100,2018,1.485
China,sptinc_p99p100_992_j_CN,p99p100,2019,1.466
China,sptinc_p99p100_992_j_CN,p99p100,2020,1.556
China,sptinc_p99p100_992_j_CN,p99p100,2021,1.572
USA,gptinc_pall_992_j_US,pall,1913,556.554.834.579
USA,gptinc_pall_992_j_US,pall,1914,561.319.378.515
USA,gptinc_pall_992_j_US,pall,1915,555.649.842.568
USA,gptinc_pall_992_j_US,pall,1916,567.404.580.548
USA,gptinc_pall_992_j_US,pall,1917,570.619.782.905
USA,gptinc_pall_992_j_US,pall,1918,564.497.947.542
USA,gptinc_pall_992_j_US,pall,1919,577.416.022.984
USA,gptinc_pall_992_j_US,pall,1920,563.567.357.562
USA,gptinc_pall_992_j_US,pall,1921,586.377.648.268
USA,gptinc_pall_992_j_US,pall,1922,576.896.408.606
USA,gptinc_pall_992_j_US,pall,1923,559.974.904.284
USA,gptinc_pall_992_j_US,pall,1924,576.759.905.918
USA,gptinc_pall_992_j_US,pall,1925,590.016.031.044
USA,gptinc_pall_992_j_US,pall,1926,593.890.030.748
USA,gptinc_pall_992_j_US,pall,1927,589.441.765.481
USA,gptinc_pall_992_j_US,pall,1928,597.035.547.109
USA,gptinc_pall_992_j_US,pall,1929,588.633.720.636
USA,gptinc_pall_992_j_US,pall,1930,583.415.721.148
USA,gptinc_pall_992_j_US,pall,1931,582.707.255.114
USA,gptinc_pall_992_j_US,pall,1932,596.511.372.537
USA,gptinc_pall_992_j_US,pall,1933,595.627.624.613
USA,gptinc_pall_992_j_US,pall,1934,602.502.600.365
USA,gptinc_pall_992_j_US,pall,1935,588.134.243.129
USA,gptinc_pall_992_j_US,pall,1936,592.211.188.613
USA,gptinc_pall_992_j_US,pall,1937,585.553.214.581
USA,gptinc_pall_992_j_US,pall,1938,581.629.390.205
USA,gptinc_pall_992_j_US,pall,1939,591.937.197.862
USA,gptinc_pall_992_j_US,pall,1940,592.435.448.847
USA,gptinc_pall_992_j_US,pall,1941,578.224.787.168
USA,gptinc_pall_992_j_US,pall,1942,523.810.377.592
USA,gptinc_pall_992_j_US,pall,1943,497.354.547.684
USA,gptinc_pall_992_j_US,pall,1944,474.639.894.397
USA,gptinc_pall_992_j_US,pall,1945,506.552.561.426
USA,gptinc_pall_992_j_US,pall,1946,504.072.396.306
USA,gptinc_pall_992_j_US,pall,1947,503.153.001.676
USA,gptinc_pall_992_j_US,pall,1948,510.383.936.032
USA,gptinc_pall_992_j_US,pall,1949,510.339.103.759
USA,gptinc_pall_992_j_US,pall,1950,509.826.004.277
USA,gptinc_pall_992_j_US,pall,1951,496.027.694.143
USA,gptinc_pall_992_j_US,pall,1952,483.607.325.213
USA,gptinc_pall_992_j_US,pall,1953,475.661.017.549
USA,gptinc_pall_992_j_US,pall,1954,483.386.212.491
USA,gptinc_pall_992_j_US,pall,1955,48.519.732.302
USA,gptinc_pall_992_j_US,pall,1956,475.522.689.071
USA,gptinc_pall_992_j_US,pall,1957,475.544.978.389
USA,gptinc_pall_992_j_US,pall,1958,48.228.024.593
USA,gptinc_pall_992_j_US,pall,1959,486.997.497.675
USA,gptinc_pall_992_j_US,pall,1960,484.522.523.324
USA,gptinc_pall_992_j_US,pall,1961,490.626.607.706
USA,gptinc_pall_992_j_US,pall,1962,473.771.005.168
USA,gptinc_pall_992_j_US,pall,1963,480.515.230.932
USA,gptinc_pall_992_j_US,pall,1964,486.782.246.751
USA,gptinc_pall_992_j_US,pall,1965,480.386.744.758
USA,gptinc_pall_992_j_US,pall,1966,474.575.501.496
USA,gptinc_pall_992_j_US,pall,1967,454.863.312.916
USA,gptinc_pall_992_j_US,pall,1968,457.391.434.072
USA,gptinc_pall_992_j_US,pall,1969,44.371.692.953
USA,gptinc_pall_992_j_US,pall,1970,442.540.627.002
USA,gptinc_pall_992_j_US,pall,1971,452.228.311.193
USA,gptinc_pall_992_j_US,pall,1972,456.356.722.106
USA,gptinc_pall_992_j_US,pall,1973,453.970.560.891
USA,gptinc_pall_992_j_US,pall,1974,443.319.683.478
USA,gptinc_pall_992_j_US,pall,1975,450.886.465.194
USA,gptinc_pall_992_j_US,pall,1976,449.263.718.114
USA,gptinc_pall_992_j_US,pall,1977,453.896.329.887
USA,gptinc_pall_992_j_US,pall,1978,452.832.375.804
USA,gptinc_pall_992_j_US,pall,1979,453.232.816.705
USA,gptinc_pall_992_j_US,pall,1980,453.910.398.987
USA,gptinc_pall_992_j_US,pall,1981,460.369.225.924
USA,gptinc_pall_992_j_US,pall,1982,468.101.487.736
USA,gptinc_pall_992_j_US,pall,1983,479.983.195.752
USA,gptinc_pall_992_j_US,pall,1984,489.191.204.735
USA,gptinc_pall_992_j_US,pall,1985,491.057.372.726
USA,gptinc_pall_992_j_US,pall,1986,492.396.743.354
USA,gptinc_pall_992_j_US,pall,1987,500.369.520.349
USA,gptinc_pall_992_j_US,pall,1988,514.624.026.834
USA,gptinc_pall_992_j_US,pall,1989,511.327.328.366
USA,gptinc_pall_992_j_US,pall,1990,512.511.841.597
USA,gptinc_pall_992_j_US,pall,1991,511.580.158.755
USA,gptinc_pall_992_j_US,pall,1992,523.985.664.245
USA,gptinc_pall_992_j_US,pall,1993,521.026.007.707
USA,gptinc_pall_992_j_US,pall,1994,520.636.849.972
USA,gptinc_pall_992_j_US,pall,1995,528.304.538.893
USA,gptinc_pall_992_j_US,pall,1996,535.613.045.743
USA,gptinc_pall_992_j_US,pall,1997,541.546.653.398
USA,gptinc_pall_992_j_US,pall,1998,543.474.756.942
USA,gptinc_pall_992_j_US,pall,1999,546.573.563.315
USA,gptinc_pall_992_j_US,pall,2000,550.326.556.098
USA,gptinc_pall_992_j_US,pall,2001,544.232.480.743
USA,gptinc_pall_992_j_US,pall,2002,540.482.949.292
USA,gptinc_pall_992_j_US,pall,2003,54.421.592.022
USA,gptinc_pall_992_j_US,pall,2004,551.007.581.294
USA,gptinc_pall_992_j_US,pall,2005,561.353.632.764
USA,gptinc_pall_992_j_US,pall,2006,568.200.452.815
USA,gptinc_pall_992_j_US,pall,2007,564.229.182.731
USA,gptinc_pall_992_j_US,pall,2008,562.190.107.391
USA,gptinc_pall_992_j_US,pall,2009,556.968.453.108
USA,gptinc_pall_992_j_US,pall,2010,568.345.868.754
USA,gptinc_pall_992_j_US,pall,2011,573.433.917.299
USA,gptinc_pall_992_j_US,pall,2012,583.902.798.937
USA,gptinc_pall_992_j_US,pall,2013,577.650.354.344
USA,gptinc_pall_992_j_US,pall,2014,584.521.626.846
USA,gptinc_pall_992_j_US,pall,2015,583.535.119.521
USA,gptinc_pall_992_j_US,pall,2016,584.271.520.062
USA,gptinc_pall_992_j_US,pall,2017,580.764.255.463
USA,gptinc_pall_992_j_US,pall,2018,584.061.211.132
USA,gptinc_pall_992_j_US,pall,2019,580.781.132.717
USA,gptinc_pall_992_j_US,pall,2020,571.537.094.712
USA,gptinc_pall_992_j_US,pall,2021,577.273.117.105
USA,sptinc_p0p50_992_j_US,p0p50,1913,151
USA,sptinc_p0p50_992_j_US,p0p50,1914,1.492
USA,sptinc_p0p50_992_j_US,p0p50,1915,1.513
USA,sptinc_p0p50_992_j_US,p0p50,1916,1.472
USA,sptinc_p0p50_992_j_US,p0p50,1917,1.462
USA,sptinc_p0p50_992_j_US,p0p50,1918,1.476
USA,sptinc_p0p50_992_j_US,p0p50,1919,1.437
USA,sptinc_p0p50_992_j_US,p0p50,1920,1.482
USA,sptinc_p0p50_992_j_US,p0p50,1921,1.384
USA,sptinc_p0p50_992_j_US,p0p50,1922,1.422
USA,sptinc_p0p50_992_j_US,p0p50,1923,1.488
USA,sptinc_p0p50_992_j_US,p0p50,1924,1.417
USA,sptinc_p0p50_992_j_US,p0p50,1925,1.372
USA,sptinc_p0p50_992_j_US,p0p50,1926,1.361
USA,sptinc_p0p50_992_j_US,p0p50,1927,1.377
USA,sptinc_p0p50_992_j_US,p0p50,1928,1.351
USA,sptinc_p0p50_992_j_US,p0p50,1929,1.384
USA,sptinc_p0p50_992_j_US,p0p50,1930,1.392
USA,sptinc_p0p50_992_j_US,p0p50,1931,138
USA,sptinc_p0p50_992_j_US,p0p50,1932,1.323
USA,sptinc_p0p50_992_j_US,p0p50,1933,1.333
USA,sptinc_p0p50_992_j_US,p0p50,1934,1.316
USA,sptinc_p0p50_992_j_US,p0p50,1935,1.384
USA,sptinc_p0p50_992_j_US,p0p50,1936,1.385
USA,sptinc_p0p50_992_j_US,p0p50,1937,1.412
USA,sptinc_p0p50_992_j_US,p0p50,1938,1.418
USA,sptinc_p0p50_992_j_US,p0p50,1939,1.379
USA,sptinc_p0p50_992_j_US,p0p50,1940,1.387
USA,sptinc_p0p50_992_j_US,p0p50,1941,1.454
USA,sptinc_p0p50_992_j_US,p0p50,1942,1.771
USA,sptinc_p0p50_992_j_US,p0p50,1943,188
USA,sptinc_p0p50_992_j_US,p0p50,1944,1.965
USA,sptinc_p0p50_992_j_US,p0p50,1945,1.582
USA,sptinc_p0p50_992_j_US,p0p50,1946,1.712
USA,sptinc_p0p50_992_j_US,p0p50,1947,1.728
USA,sptinc_p0p50_992_j_US,p0p50,1948,1.741
USA,sptinc_p0p50_992_j_US,p0p50,1949,1.709
USA,sptinc_p0p50_992_j_US,p0p50,1950,1.753
USA,sptinc_p0p50_992_j_US,p0p50,1951,1.838
USA,sptinc_p0p50_992_j_US,p0p50,1952,1.895
USA,sptinc_p0p50_992_j_US,p0p50,1953,1.929
USA,sptinc_p0p50_992_j_US,p0p50,1954,1.861
USA,sptinc_p0p50_992_j_US,p0p50,1955,1.877
USA,sptinc_p0p50_992_j_US,p0p50,1956,1.929
USA,sptinc_p0p50_992_j_US,p0p50,1957,1.922
USA,sptinc_p0p50_992_j_US,p0p50,1958,1.841
USA,sptinc_p0p50_992_j_US,p0p50,1959,1.819
USA,sptinc_p0p50_992_j_US,p0p50,1960,1.822
USA,sptinc_p0p50_992_j_US,p0p50,1961,1.768
USA,sptinc_p0p50_992_j_US,p0p50,1962,1.932
USA,sptinc_p0p50_992_j_US,p0p50,1963,1.892
USA,sptinc_p0p50_992_j_US,p0p50,1964,1.855
USA,sptinc_p0p50_992_j_US,p0p50,1965,1.903
USA,sptinc_p0p50_992_j_US,p0p50,1966,1.947
USA,sptinc_p0p50_992_j_US,p0p50,1967,2.073
USA,sptinc_p0p50_992_j_US,p0p50,1968,206
USA,sptinc_p0p50_992_j_US,p0p50,1969,2.127
USA,sptinc_p0p50_992_j_US,p0p50,1970,2.113
USA,sptinc_p0p50_992_j_US,p0p50,1971,2.043
USA,sptinc_p0p50_992_j_US,p0p50,1972,2.021
USA,sptinc_p0p50_992_j_US,p0p50,1973,2.044
USA,sptinc_p0p50_992_j_US,p0p50,1974,2.098
USA,sptinc_p0p50_992_j_US,p0p50,1975,2.042
USA,sptinc_p0p50_992_j_US,p0p50,1976,2.054
USA,sptinc_p0p50_992_j_US,p0p50,1977,2.026
USA,sptinc_p0p50_992_j_US,p0p50,1978,2.023
USA,sptinc_p0p50_992_j_US,p0p50,1979,2.035
USA,sptinc_p0p50_992_j_US,p0p50,1980,2.009
USA,sptinc_p0p50_992_j_US,p0p50,1981,197
USA,sptinc_p0p50_992_j_US,p0p50,1982,1.913
USA,sptinc_p0p50_992_j_US,p0p50,1983,1.834
USA,sptinc_p0p50_992_j_US,p0p50,1984,1.795
USA,sptinc_p0p50_992_j_US,p0p50,1985,1.782
USA,sptinc_p0p50_992_j_US,p0p50,1986,1.761
USA,sptinc_p0p50_992_j_US,p0p50,1987,1.736
USA,sptinc_p0p50_992_j_US,p0p50,1988,1.687
USA,sptinc_p0p50_992_j_US,p0p50,1989,1.698
USA,sptinc_p0p50_992_j_US,p0p50,1990,1.686
USA,sptinc_p0p50_992_j_US,p0p50,1991,1.671
USA,sptinc_p0p50_992_j_US,p0p50,1992,1.599
USA,sptinc_p0p50_992_j_US,p0p50,1993,1.612
USA,sptinc_p0p50_992_j_US,p0p50,1994,1.613
USA,sptinc_p0p50_992_j_US,p0p50,1995,1.575
USA,sptinc_p0p50_992_j_US,p0p50,1996,1.549
USA,sptinc_p0p50_992_j_US,p0p50,1997,1.526
USA,sptinc_p0p50_992_j_US,p0p50,1998,1.528
USA,sptinc_p0p50_992_j_US,p0p50,1999,1.518
USA,sptinc_p0p50_992_j_US,p0p50,2000,1.507
USA,sptinc_p0p50_992_j_US,p0p50,2001,1.528
USA,sptinc_p0p50_992_j_US,p0p50,2002,1.538
USA,sptinc_p0p50_992_j_US,p0p50,2003,1.508
USA,sptinc_p0p50_992_j_US,p0p50,2004,148
USA,sptinc_p0p50_992_j_US,p0p50,2005,1.436
USA,sptinc_p0p50_992_j_US,p0p50,2006,1.406
USA,sptinc_p0p50_992_j_US,p0p50,2007,1.433
USA,sptinc_p0p50_992_j_US,p0p50,2008,1.431
USA,sptinc_p0p50_992_j_US,p0p50,2009,1.426
USA,sptinc_p0p50_992_j_US,p0p50,2010,1.382
USA,sptinc_p0p50_992_j_US,p0p50,2011,1.354
USA,sptinc_p0p50_992_j_US,p0p50,2012,1.316
USA,sptinc_p0p50_992_j_US,p0p50,2013,1.344
USA,sptinc_p0p50_992_j_US,p0p50,2014,1.312
USA,sptinc_p0p50_992_j_US,p0p50,2015,1.318
USA,sptinc_p0p50_992_j_US,p0p50,2016,1.303
USA,sptinc_p0p50_992_j_US,p0p50,2017,1.346
USA,sptinc_p0p50_992_j_US,p0p50,2018,1.332
USA,sptinc_p0p50_992_j_US,p0p50,2019,1.357
USA,sptinc_p0p50_992_j_US,p0p50,2020,1.386
USA,sptinc_p0p50_992_j_US,p0p50,2021,1.382
USA,sptinc_p50p90_992_j_US,p50p90,1913,4.179
USA,sptinc_p50p90_992_j_US,p50p90,1914,4.134
USA,sptinc_p50p90_992_j_US,p50p90,1915,4.184
USA,sptinc_p50p90_992_j_US,p50p90,1916,4.085
USA,sptinc_p50p90_992_j_US,p50p90,1917,4.039
USA,sptinc_p50p90_992_j_US,p50p90,1918,4.127
USA,sptinc_p50p90_992_j_US,p50p90,1919,3.973
USA,sptinc_p50p90_992_j_US,p50p90,1920,4.104
USA,sptinc_p50p90_992_j_US,p50p90,1921,3.878
USA,sptinc_p50p90_992_j_US,p50p90,1922,3.969
USA,sptinc_p50p90_992_j_US,p50p90,1923,4.143
USA,sptinc_p50p90_992_j_US,p50p90,1924,4.012
USA,sptinc_p50p90_992_j_US,p50p90,1925,3.908
USA,sptinc_p50p90_992_j_US,p50p90,1926,388
USA,sptinc_p50p90_992_j_US,p50p90,1927,3.915
USA,sptinc_p50p90_992_j_US,p50p90,1928,3.826
USA,sptinc_p50p90_992_j_US,p50p90,1929,3.921
USA,sptinc_p50p90_992_j_US,p50p90,1930,3.979
USA,sptinc_p50p90_992_j_US,p50p90,1931,3.986
USA,sptinc_p50p90_992_j_US,p50p90,1932,3.847
USA,sptinc_p50p90_992_j_US,p50p90,1933,3.869
USA,sptinc_p50p90_992_j_US,p50p90,1934,3.778
USA,sptinc_p50p90_992_j_US,p50p90,1935,3.806
USA,sptinc_p50p90_992_j_US,p50p90,1936,3.779
USA,sptinc_p50p90_992_j_US,p50p90,1937,3.842
USA,sptinc_p50p90_992_j_US,p50p90,1938,3.872
USA,sptinc_p50p90_992_j_US,p50p90,1939,3.763
USA,sptinc_p50p90_992_j_US,p50p90,1940,3.719
USA,sptinc_p50p90_992_j_US,p50p90,1941,3.848
USA,sptinc_p50p90_992_j_US,p50p90,1942,3.997
USA,sptinc_p50p90_992_j_US,p50p90,1943,4.234
USA,sptinc_p50p90_992_j_US,p50p90,1944,4.428
USA,sptinc_p50p90_992_j_US,p50p90,1945,4.889
USA,sptinc_p50p90_992_j_US,p50p90,1946,4.593
USA,sptinc_p50p90_992_j_US,p50p90,1947,4.585
USA,sptinc_p50p90_992_j_US,p50p90,1948,4.373
USA,sptinc_p50p90_992_j_US,p50p90,1949,4.456
USA,sptinc_p50p90_992_j_US,p50p90,1950,4.341
USA,sptinc_p50p90_992_j_US,p50p90,1951,437
USA,sptinc_p50p90_992_j_US,p50p90,1952,4.441
USA,sptinc_p50p90_992_j_US,p50p90,1953,4.504
USA,sptinc_p50p90_992_j_US,p50p90,1954,4.541
USA,sptinc_p50p90_992_j_US,p50p90,1955,445
USA,sptinc_p50p90_992_j_US,p50p90,1956,4.499
USA,sptinc_p50p90_992_j_US,p50p90,1957,4.511
USA,sptinc_p50p90_992_j_US,p50p90,1958,4.609
USA,sptinc_p50p90_992_j_US,p50p90,1959,4.585
USA,sptinc_p50p90_992_j_US,p50p90,1960,4.627
USA,sptinc_p50p90_992_j_US,p50p90,1961,4.671
USA,sptinc_p50p90_992_j_US,p50p90,1962,4.453
USA,sptinc_p50p90_992_j_US,p50p90,1963,4.449
USA,sptinc_p50p90_992_j_US,p50p90,1964,4.446
USA,sptinc_p50p90_992_j_US,p50p90,1965,4.432
USA,sptinc_p50p90_992_j_US,p50p90,1966,4.419
USA,sptinc_p50p90_992_j_US,p50p90,1967,4.401
USA,sptinc_p50p90_992_j_US,p50p90,1968,439
USA,sptinc_p50p90_992_j_US,p50p90,1969,4.464
USA,sptinc_p50p90_992_j_US,p50p90,1970,4.533
USA,sptinc_p50p90_992_j_US,p50p90,1971,4.548
USA,sptinc_p50p90_992_j_US,p50p90,1972,4.537
USA,sptinc_p50p90_992_j_US,p50p90,1973,4.494
USA,sptinc_p50p90_992_j_US,p50p90,1974,4.546
USA,sptinc_p50p90_992_j_US,p50p90,1975,4.562
USA,sptinc_p50p90_992_j_US,p50p90,1976,4.558
USA,sptinc_p50p90_992_j_US,p50p90,1977,4.545
USA,sptinc_p50p90_992_j_US,p50p90,1978,4.576
USA,sptinc_p50p90_992_j_US,p50p90,1979,4.535
USA,sptinc_p50p90_992_j_US,p50p90,1980,4.607
USA,sptinc_p50p90_992_j_US,p50p90,1981,4.599
USA,sptinc_p50p90_992_j_US,p50p90,1982,4.626
USA,sptinc_p50p90_992_j_US,p50p90,1983,4.632
USA,sptinc_p50p90_992_j_US,p50p90,1984,4.557
USA,sptinc_p50p90_992_j_US,p50p90,1985,456
USA,sptinc_p50p90_992_j_US,p50p90,1986,4.605
USA,sptinc_p50p90_992_j_US,p50p90,1987,4.518
USA,sptinc_p50p90_992_j_US,p50p90,1988,4.388
USA,sptinc_p50p90_992_j_US,p50p90,1989,4.423
USA,sptinc_p50p90_992_j_US,p50p90,1990,4.437
USA,sptinc_p50p90_992_j_US,p50p90,1991,4.496
USA,sptinc_p50p90_992_j_US,p50p90,1992,4.458
USA,sptinc_p50p90_992_j_US,p50p90,1993,4.479
USA,sptinc_p50p90_992_j_US,p50p90,1994,4.472
USA,sptinc_p50p90_992_j_US,p50p90,1995,4.435
USA,sptinc_p50p90_992_j_US,p50p90,1996,4.371
USA,sptinc_p50p90_992_j_US,p50p90,1997,4.321
USA,sptinc_p50p90_992_j_US,p50p90,1998,4.281
USA,sptinc_p50p90_992_j_US,p50p90,1999,4.255
USA,sptinc_p50p90_992_j_US,p50p90,2000,4.218
USA,sptinc_p50p90_992_j_US,p50p90,2001,4.276
USA,sptinc_p50p90_992_j_US,p50p90,2002,4.311
USA,sptinc_p50p90_992_j_US,p50p90,2003,4.328
USA,sptinc_p50p90_992_j_US,p50p90,2004,4.278
USA,sptinc_p50p90_992_j_US,p50p90,2005,4.206
USA,sptinc_p50p90_992_j_US,p50p90,2006,4.164
USA,sptinc_p50p90_992_j_US,p50p90,2007,4.165
USA,sptinc_p50p90_992_j_US,p50p90,2008,4.214
USA,sptinc_p50p90_992_j_US,p50p90,2009,4.329
USA,sptinc_p50p90_992_j_US,p50p90,2010,4.231
USA,sptinc_p50p90_992_j_US,p50p90,2011,422
USA,sptinc_p50p90_992_j_US,p50p90,2012,4.126
USA,sptinc_p50p90_992_j_US,p50p90,2013,4.165
USA,sptinc_p50p90_992_j_US,p50p90,2014,413
USA,sptinc_p50p90_992_j_US,p50p90,2015,4.131
USA,sptinc_p50p90_992_j_US,p50p90,2016,4.165
USA,sptinc_p50p90_992_j_US,p50p90,2017,4.107
USA,sptinc_p50p90_992_j_US,p50p90,2018,4.085
USA,sptinc_p50p90_992_j_US,p50p90,2019,4.073
USA,sptinc_p50p90_992_j_US,p50p90,2020,4.172
USA,sptinc_p50p90_992_j_US,p50p90,2021,4.057
USA,sptinc_p90p100_992_j_US,p90p100,1913,4.312
USA,sptinc_p90p100_992_j_US,p90p100,1914,4.374
USA,sptinc_p90p100_992_j_US,p90p100,1915,4.302
USA,sptinc_p90p100_992_j_US,p90p100,1916,4.443
USA,sptinc_p90p100_992_j_US,p90p100,1917,4.498
USA,sptinc_p90p100_992_j_US,p90p100,1918,4.398
USA,sptinc_p90p100_992_j_US,p90p100,1919,459
USA,sptinc_p90p100_992_j_US,p90p100,1920,4.414
USA,sptinc_p90p100_992_j_US,p90p100,1921,4.738
USA,sptinc_p90p100_992_j_US,p90p100,1922,4.609
USA,sptinc_p90p100_992_j_US,p90p100,1923,4.369
USA,sptinc_p90p100_992_j_US,p90p100,1924,4.571
USA,sptinc_p90p100_992_j_US,p90p100,1925,4.721
USA,sptinc_p90p100_992_j_US,p90p100,1926,4.759
USA,sptinc_p90p100_992_j_US,p90p100,1927,4.707
USA,sptinc_p90p100_992_j_US,p90p100,1928,4.823
USA,sptinc_p90p100_992_j_US,p90p100,1929,4.696
USA,sptinc_p90p100_992_j_US,p90p100,1930,463
USA,sptinc_p90p100_992_j_US,p90p100,1931,4.634
USA,sptinc_p90p100_992_j_US,p90p100,1932,483
USA,sptinc_p90p100_992_j_US,p90p100,1933,4.798
USA,sptinc_p90p100_992_j_US,p90p100,1934,4.906
USA,sptinc_p90p100_992_j_US,p90p100,1935,481
USA,sptinc_p90p100_992_j_US,p90p100,1936,4.835
USA,sptinc_p90p100_992_j_US,p90p100,1937,4.746
USA,sptinc_p90p100_992_j_US,p90p100,1938,471
USA,sptinc_p90p100_992_j_US,p90p100,1939,4.858
USA,sptinc_p90p100_992_j_US,p90p100,1940,4.894
USA,sptinc_p90p100_992_j_US,p90p100,1941,4.698
USA,sptinc_p90p100_992_j_US,p90p100,1942,4.232
USA,sptinc_p90p100_992_j_US,p90p100,1943,3.886
USA,sptinc_p90p100_992_j_US,p90p100,1944,3.606
USA,sptinc_p90p100_992_j_US,p90p100,1945,3.529
USA,sptinc_p90p100_992_j_US,p90p100,1946,3.695
USA,sptinc_p90p100_992_j_US,p90p100,1947,3.688
USA,sptinc_p90p100_992_j_US,p90p100,1948,3.887
USA,sptinc_p90p100_992_j_US,p90p100,1949,3.834
USA,sptinc_p90p100_992_j_US,p90p100,1950,3.906
USA,sptinc_p90p100_992_j_US,p90p100,1951,3.792
USA,sptinc_p90p100_992_j_US,p90p100,1952,3.664
USA,sptinc_p90p100_992_j_US,p90p100,1953,3.567
USA,sptinc_p90p100_992_j_US,p90p100,1954,3.598
USA,sptinc_p90p100_992_j_US,p90p100,1955,3.673
USA,sptinc_p90p100_992_j_US,p90p100,1956,3.572
USA,sptinc_p90p100_992_j_US,p90p100,1957,3.567
USA,sptinc_p90p100_992_j_US,p90p100,1958,3.551
USA,sptinc_p90p100_992_j_US,p90p100,1959,3.596
USA,sptinc_p90p100_992_j_US,p90p100,1960,355
USA,sptinc_p90p100_992_j_US,p90p100,1961,3.561
USA,sptinc_p90p100_992_j_US,p90p100,1962,3.615
USA,sptinc_p90p100_992_j_US,p90p100,1963,3.659
USA,sptinc_p90p100_992_j_US,p90p100,1964,3.699
USA,sptinc_p90p100_992_j_US,p90p100,1965,3.665
USA,sptinc_p90p100_992_j_US,p90p100,1966,3.634
USA,sptinc_p90p100_992_j_US,p90p100,1967,3.526
USA,sptinc_p90p100_992_j_US,p90p100,1968,355
USA,sptinc_p90p100_992_j_US,p90p100,1969,341
USA,sptinc_p90p100_992_j_US,p90p100,1970,3.354
USA,sptinc_p90p100_992_j_US,p90p100,1971,3.409
USA,sptinc_p90p100_992_j_US,p90p100,1972,3.441
USA,sptinc_p90p100_992_j_US,p90p100,1973,3.462
USA,sptinc_p90p100_992_j_US,p90p100,1974,3.356
USA,sptinc_p90p100_992_j_US,p90p100,1975,3.396
USA,sptinc_p90p100_992_j_US,p90p100,1976,3.388
USA,sptinc_p90p100_992_j_US,p90p100,1977,3.429
USA,sptinc_p90p100_992_j_US,p90p100,1978,3.401
USA,sptinc_p90p100_992_j_US,p90p100,1979,343
USA,sptinc_p90p100_992_j_US,p90p100,1980,3.385
USA,sptinc_p90p100_992_j_US,p90p100,1981,3.432
USA,sptinc_p90p100_992_j_US,p90p100,1982,3.461
USA,sptinc_p90p100_992_j_US,p90p100,1983,3.534
USA,sptinc_p90p100_992_j_US,p90p100,1984,3.649
USA,sptinc_p90p100_992_j_US,p90p100,1985,3.658
USA,sptinc_p90p100_992_j_US,p90p100,1986,3.634
USA,sptinc_p90p100_992_j_US,p90p100,1987,3.746
USA,sptinc_p90p100_992_j_US,p90p100,1988,3.925
USA,sptinc_p90p100_992_j_US,p90p100,1989,3.879
USA,sptinc_p90p100_992_j_US,p90p100,1990,3.876
USA,sptinc_p90p100_992_j_US,p90p100,1991,3.833
USA,sptinc_p90p100_992_j_US,p90p100,1992,3.943
USA,sptinc_p90p100_992_j_US,p90p100,1993,3.909
USA,sptinc_p90p100_992_j_US,p90p100,1994,3.915
USA,sptinc_p90p100_992_j_US,p90p100,1995,399
USA,sptinc_p90p100_992_j_US,p90p100,1996,408
USA,sptinc_p90p100_992_j_US,p90p100,1997,4.152
USA,sptinc_p90p100_992_j_US,p90p100,1998,4.191
USA,sptinc_p90p100_992_j_US,p90p100,1999,4.228
USA,sptinc_p90p100_992_j_US,p90p100,2000,4.275
USA,sptinc_p90p100_992_j_US,p90p100,2001,4.195
USA,sptinc_p90p100_992_j_US,p90p100,2002,4.151
USA,sptinc_p90p100_992_j_US,p90p100,2003,4.164
USA,sptinc_p90p100_992_j_US,p90p100,2004,4.243
USA,sptinc_p90p100_992_j_US,p90p100,2005,4.358
USA,sptinc_p90p100_992_j_US,p90p100,2006,443
USA,sptinc_p90p100_992_j_US,p90p100,2007,4.402
USA,sptinc_p90p100_992_j_US,p90p100,2008,4.355
USA,sptinc_p90p100_992_j_US,p90p100,2009,4.245
USA,sptinc_p90p100_992_j_US,p90p100,2010,4.387
USA,sptinc_p90p100_992_j_US,p90p100,2011,4.426
USA,sptinc_p90p100_992_j_US,p90p100,2012,4.557
USA,sptinc_p90p100_992_j_US,p90p100,2013,4.491
USA,sptinc_p90p100_992_j_US,p90p100,2014,4.559
USA,sptinc_p90p100_992_j_US,p90p100,2015,4.551
USA,sptinc_p90p100_992_j_US,p90p100,2016,4.532
USA,sptinc_p90p100_992_j_US,p90p100,2017,4.546
USA,sptinc_p90p100_992_j_US,p90p100,2018,4.583
USA,sptinc_p90p100_992_j_US,p90p100,2019,4.569
USA,sptinc_p90p100_992_j_US,p90p100,2020,4.441
USA,sptinc_p90p100_992_j_US,p90p100,2021,456
USA,sptinc_p99p100_992_j_US,p99p100,1913,2.043
USA,sptinc_p99p100_992_j_US,p99p100,1914,2.092
USA,sptinc_p99p100_992_j_US,p99p100,1915,2.028
USA,sptinc_p99p100_992_j_US,p99p100,1916,2.137
USA,sptinc_p99p100_992_j_US,p99p100,1917,213
USA,sptinc_p99p100_992_j_US,p99p100,1918,197
USA,sptinc_p99p100_992_j_US,p99p100,1919,2.164
USA,sptinc_p99p100_992_j_US,p99p100,1920,1.913
USA,sptinc_p99p100_992_j_US,p99p100,1921,1.918
USA,sptinc_p99p100_992_j_US,p99p100,1922,1.858
USA,sptinc_p99p100_992_j_US,p99p100,1923,1.771
USA,sptinc_p99p100_992_j_US,p99p100,1924,1.847
USA,sptinc_p99p100_992_j_US,p99p100,1925,2.069
USA,sptinc_p99p100_992_j_US,p99p100,1926,2.192
USA,sptinc_p99p100_992_j_US,p99p100,1927,2.124
USA,sptinc_p99p100_992_j_US,p99p100,1928,2.229
USA,sptinc_p99p100_992_j_US,p99p100,1929,2.218
USA,sptinc_p99p100_992_j_US,p99p100,1930,1.938
USA,sptinc_p99p100_992_j_US,p99p100,1931,1.677
USA,sptinc_p99p100_992_j_US,p99p100,1932,1.652
USA,sptinc_p99p100_992_j_US,p99p100,1933,1.748
USA,sptinc_p99p100_992_j_US,p99p100,1934,1.907
USA,sptinc_p99p100_992_j_US,p99p100,1935,1.933
USA,sptinc_p99p100_992_j_US,p99p100,1936,2.092
USA,sptinc_p99p100_992_j_US,p99p100,1937,2.064
USA,sptinc_p99p100_992_j_US,p99p100,1938,1.864
USA,sptinc_p99p100_992_j_US,p99p100,1939,1.957
USA,sptinc_p99p100_992_j_US,p99p100,1940,2.086
USA,sptinc_p99p100_992_j_US,p99p100,1941,2.156
USA,sptinc_p99p100_992_j_US,p99p100,1942,2.058
USA,sptinc_p99p100_992_j_US,p99p100,1943,186
USA,sptinc_p99p100_992_j_US,p99p100,1944,1.535
USA,sptinc_p99p100_992_j_US,p99p100,1945,1.427
USA,sptinc_p99p100_992_j_US,p99p100,1946,1.429
USA,sptinc_p99p100_992_j_US,p99p100,1947,1.498
USA,sptinc_p99p100_992_j_US,p99p100,1948,163
USA,sptinc_p99p100_992_j_US,p99p100,1949,157
USA,sptinc_p99p100_992_j_US,p99p100,1950,1.671
USA,sptinc_p99p100_992_j_US,p99p100,1951,1.601
USA,sptinc_p99p100_992_j_US,p99p100,1952,1.496
USA,sptinc_p99p100_992_j_US,p99p100,1953,1.404
USA,sptinc_p99p100_992_j_US,p99p100,1954,1.394
USA,sptinc_p99p100_992_j_US,p99p100,1955,1.463
USA,sptinc_p99p100_992_j_US,p99p100,1956,1.381
USA,sptinc_p99p100_992_j_US,p99p100,1957,1.353
USA,sptinc_p99p100_992_j_US,p99p100,1958,1.267
USA,sptinc_p99p100_992_j_US,p99p100,1959,1.321
USA,sptinc_p99p100_992_j_US,p99p100,1960,1.268
USA,sptinc_p99p100_992_j_US,p99p100,1961,1.253
USA,sptinc_p99p100_992_j_US,p99p100,1962,1.285
USA,sptinc_p99p100_992_j_US,p99p100,1963,1.299
USA,sptinc_p99p100_992_j_US,p99p100,1964,1.312
USA,sptinc_p99p100_992_j_US,p99p100,1965,1.303
USA,sptinc_p99p100_992_j_US,p99p100,1966,1.295
USA,sptinc_p99p100_992_j_US,p99p100,1967,1.238
USA,sptinc_p99p100_992_j_US,p99p100,1968,1.262
USA,sptinc_p99p100_992_j_US,p99p100,1969,116
USA,sptinc_p99p100_992_j_US,p99p100,1970,1.069
USA,sptinc_p99p100_992_j_US,p99p100,1971,1.106
USA,sptinc_p99p100_992_j_US,p99p100,1972,1.107
USA,sptinc_p99p100_992_j_US,p99p100,1973,1.089
USA,sptinc_p99p100_992_j_US,p99p100,1974,1.037
USA,sptinc_p99p100_992_j_US,p99p100,1975,1.044
USA,sptinc_p99p100_992_j_US,p99p100,1976,1.034
USA,sptinc_p99p100_992_j_US,p99p100,1977,1.059
USA,sptinc_p99p100_992_j_US,p99p100,1978,1.036
USA,sptinc_p99p100_992_j_US,p99p100,1979,1.085
USA,sptinc_p99p100_992_j_US,p99p100,1980,1.043
USA,sptinc_p99p100_992_j_US,p99p100,1981,1.066
USA,sptinc_p99p100_992_j_US,p99p100,1982,1.099
USA,sptinc_p99p100_992_j_US,p99p100,1983,1.148
USA,sptinc_p99p100_992_j_US,p99p100,1984,1.215
USA,sptinc_p99p100_992_j_US,p99p100,1985,123
USA,sptinc_p99p100_992_j_US,p99p100,1986,1.197
USA,sptinc_p99p100_992_j_US,p99p100,1987,1.323
USA,sptinc_p99p100_992_j_US,p99p100,1988,1.522
USA,sptinc_p99p100_992_j_US,p99p100,1989,147
USA,sptinc_p99p100_992_j_US,p99p100,1990,147
USA,sptinc_p99p100_992_j_US,p99p100,1991,1.365
USA,sptinc_p99p100_992_j_US,p99p100,1992,1.468
USA,sptinc_p99p100_992_j_US,p99p100,1993,1.414
USA,sptinc_p99p100_992_j_US,p99p100,1994,1.404
USA,sptinc_p99p100_992_j_US,p99p100,1995,1.452
USA,sptinc_p99p100_992_j_US,p99p100,1996,1.524
USA,sptinc_p99p100_992_j_US,p99p100,1997,1.598
USA,sptinc_p99p100_992_j_US,p99p100,1998,1.632
USA,sptinc_p99p100_992_j_US,p99p100,1999,1.676
USA,sptinc_p99p100_992_j_US,p99p100,2000,1.735
USA,sptinc_p99p100_992_j_US,p99p100,2001,166
USA,sptinc_p99p100_992_j_US,p99p100,2002,161
USA,sptinc_p99p100_992_j_US,p99p100,2003,1.633
USA,sptinc_p99p100_992_j_US,p99p100,2004,1.706
USA,sptinc_p99p100_992_j_US,p99p100,2005,1.806
USA,sptinc_p99p100_992_j_US,p99p100,2006,1.852
USA,sptinc_p99p100_992_j_US,p99p100,2007,1.837
USA,sptinc_p99p100_992_j_US,p99p100,2008,1.794
USA,sptinc_p99p100_992_j_US,p99p100,2009,1.671
USA,sptinc_p99p100_992_j_US,p99p100,2010,179
USA,sptinc_p99p100_992_j_US,p99p100,2011,1.808
USA,sptinc_p99p100_992_j_US,p99p100,2012,1.948
USA,sptinc_p99p100_992_j_US,p99p100,2013,1.847
USA,sptinc_p99p100_992_j_US,p99p100,2014,1.897
USA,sptinc_p99p100_992_j_US,p99p100,2015,1.889
USA,sptinc_p99p100_992_j_US,p99p100,2016,1.867
USA,sptinc_p99p100_992_j_US,p99p100,2017,1.905
USA,sptinc_p99p100_992_j_US,p99p100,2018,1.925
USA,sptinc_p99p100_992_j_US,p99p100,2019,1.906
USA,sptinc_p99p100_992_j_US,p99p100,2020,1.788
USA,sptinc_p99p100_992_j_US,p99p100,2021,1.903